onset	duration	nwb_table	epoch_name	peak_time	state	label
0.0	4565.7599666666665	epochs	fCamk2_201014_091141			
1.0	1412.0	SleepStates				WAKEstate
1414.0	8.0	SleepStates				NREMstate
1417.2296	0.12080000000014479	UpDownStatesTimeIntervals			UP	
1417.9056	0.11519999999995889	UpDownStatesTimeIntervals			UP	
1419.1664	0.15200000000004366	UpDownStatesTimeIntervals			UP	
1420.3008	0.1551999999999225	UpDownStatesTimeIntervals			UP	
1423.0	60.0	SleepStates				WAKEstate
1484.0	9.0	SleepStates				NREMstate
1484.7136	0.13279999999986103	UpDownStatesTimeIntervals			UP	
1485.5776	0.030399999999872307	UpDownStatesTimeIntervals			DOWN	
1485.608	0.1872000000000753	UpDownStatesTimeIntervals			UP	
1486.8672	0.12720000000012988	UpDownStatesTimeIntervals			UP	
1487.6704	0.11920000000009168	UpDownStatesTimeIntervals			UP	
1488.4144	0.20080000000007203	UpDownStatesTimeIntervals			UP	
1488.9808	0.17439999999987776	UpDownStatesTimeIntervals			UP	
1489.5768	0.10719999999992069	UpDownStatesTimeIntervals			UP	
1492.1992	0.1248000000000502	UpDownStatesTimeIntervals			UP	
1493.472	0.2824000000000524	UpDownStatesTimeIntervals			UP	
1494.0	52.0	SleepStates				WAKEstate
1547.0	7.0	SleepStates				NREMstate
1547.2544	0.11519999999995889	UpDownStatesTimeIntervals			UP	
1548.008	0.22239999999987958	UpDownStatesTimeIntervals			UP	
1548.8272	0.20080000000007203	UpDownStatesTimeIntervals			UP	
1549.2944	0.3351999999999862	UpDownStatesTimeIntervals			UP	
1550.2544	0.2136000000000422	UpDownStatesTimeIntervals			UP	
1551.0352	0.11760000000003856	UpDownStatesTimeIntervals			UP	
1552.2952	0.14079999999989923	UpDownStatesTimeIntervals			UP	
1552.7776	0.22720000000003893	UpDownStatesTimeIntervals			UP	
1555.0	48.0	SleepStates				WAKEstate
1603.9736	0.1471999999998843	UpDownStatesTimeIntervals			UP	
1604.0	7.0	SleepStates				NREMstate
1604.2912	0.07920000000012806	UpDownStatesTimeIntervals			DOWN	
1604.94	0.11999999999989086	UpDownStatesTimeIntervals			UP	
1605.6304	0.14400000000000546	UpDownStatesTimeIntervals			UP	
1606.0656	0.15600000000017644	UpDownStatesTimeIntervals			UP	
1607.448	0.10639999999989413	UpDownStatesTimeIntervals			UP	
1608.484	0.16320000000018808	UpDownStatesTimeIntervals			UP	
1609.6496	0.29680000000007567	UpDownStatesTimeIntervals			UP	
1610.148	0.04079999999999018	UpDownStatesTimeIntervals			DOWN	
1610.4944	0.14400000000000546	UpDownStatesTimeIntervals			UP	
1612.0	12.0	SleepStates				WAKEstate
1624.1408	0.24320000000011532	UpDownStatesTimeIntervals			UP	
1625.0	8.0	SleepStates				NREMstate
1625.0936	0.28719999999998436	UpDownStatesTimeIntervals			UP	
1628.8464	0.07440000000019609	UpDownStatesTimeIntervals			UP	
1631.4776	0.18240000000014334	UpDownStatesTimeIntervals			UP	
1632.0016	0.10159999999996217	UpDownStatesTimeIntervals			UP	
1632.4184	0.24080000000003565	UpDownStatesTimeIntervals			UP	
1634.0	400.0	SleepStates				WAKEstate
2035.0	18.0	SleepStates				NREMstate
2037.2184	0.34400000000005093	UpDownStatesTimeIntervals			UP	
2038.0336	0.14400000000000546	UpDownStatesTimeIntervals			UP	
2038.6272	0.42640000000005784	UpDownStatesTimeIntervals			UP	
2043.2552	0.1431999999999789	UpDownStatesTimeIntervals			UP	
2043.8128	0.11760000000003856	UpDownStatesTimeIntervals			UP	
2044.496	0.04559999999992215	UpDownStatesTimeIntervals			DOWN	
2045.1872	0.21839999999997417	UpDownStatesTimeIntervals			UP	
2045.948	0.12079999999991742	UpDownStatesTimeIntervals			UP	
2046.728	0.11760000000003856	UpDownStatesTimeIntervals			UP	
2047.1016	0.23040000000014516	UpDownStatesTimeIntervals			UP	
2049.9368	0.2319999999999709	UpDownStatesTimeIntervals			UP	
2050.7632	0.24000000000023647	UpDownStatesTimeIntervals			UP	
2052.012	0.1111999999998261	UpDownStatesTimeIntervals			UP	
2052.5792	0.15519999999969514	UpDownStatesTimeIntervals			UP	
2053.1144	0.1048000000000684	UpDownStatesTimeIntervals			UP	
2054.0	39.0	SleepStates				WAKEstate
2094.0	24.0	SleepStates				NREMstate
2095.664	0.12479999999959546	UpDownStatesTimeIntervals			UP	
2096.7648	0.14480000000003201	UpDownStatesTimeIntervals			UP	
2097.3208	0.13200000000006185	UpDownStatesTimeIntervals			UP	
2098.2552	0.16480000000001382	UpDownStatesTimeIntervals			UP	
2100.7952	0.12640000000010332	UpDownStatesTimeIntervals			UP	
2101.7152	0.13679999999976644	UpDownStatesTimeIntervals			UP	
2103.6432	0.18400000000019645	UpDownStatesTimeIntervals			UP	
2104.6208	0.08159999999998035	UpDownStatesTimeIntervals			UP	
2108.0976	0.13040000000000873	UpDownStatesTimeIntervals			UP	
2108.676	0.09680000000025757	UpDownStatesTimeIntervals			UP	
2109.5928	0.24080000000003565	UpDownStatesTimeIntervals			UP	
2110.5176	0.04959999999982756	RippleTimeIntervals		2110.528		
2110.8336	0.1471999999998843	UpDownStatesTimeIntervals			UP	
2111.5528	0.24160000000028958	UpDownStatesTimeIntervals			UP	
2112.1544	0.13760000000002037	UpDownStatesTimeIntervals			UP	
2116.6408	0.24479999999994106	UpDownStatesTimeIntervals			UP	
2117.152	0.12800000000015643	UpDownStatesTimeIntervals			UP	
2117.3672	0.3671999999996842	UpDownStatesTimeIntervals			DOWN	
2117.7344	0.16400000000021464	UpDownStatesTimeIntervals			UP	
2119.0	10.0	SleepStates				WAKEstate
2129.6456	0.12080000000014479	UpDownStatesTimeIntervals			UP	
2130.0	18.0	SleepStates				NREMstate
2130.6928	0.2800000000002001	UpDownStatesTimeIntervals			UP	
2133.3304	0.19440000000031432	UpDownStatesTimeIntervals			UP	
2133.8448	0.43280000000004293	UpDownStatesTimeIntervals			UP	
2134.516	0.05999999999994543	RippleTimeIntervals		2134.5296		
2134.68	0.15599999999994907	UpDownStatesTimeIntervals			UP	
2146.8472	0.07199999999966167	UpDownStatesTimeIntervals			UP	
2147.3752	0.11839999999983775	UpDownStatesTimeIntervals			UP	
2147.9416	0.27520000000004075	UpDownStatesTimeIntervals			UP	
2149.0	12.0	SleepStates				WAKEstate
2162.0	12.0	SleepStates				NREMstate
2163.7448	0.23759999999992942	UpDownStatesTimeIntervals			UP	
2164.44	0.2096000000001368	UpDownStatesTimeIntervals			UP	
2165.2392	0.3688000000001921	UpDownStatesTimeIntervals			UP	
2166.3304	0.3184000000001106	UpDownStatesTimeIntervals			UP	
2171.2344	0.301600000000235	UpDownStatesTimeIntervals			UP	
2171.952	0.13119999999980791	UpDownStatesTimeIntervals			UP	
2172.28	0.02959999999984575	UpDownStatesTimeIntervals			DOWN	
2172.5944	0.08960000000024593	UpDownStatesTimeIntervals			UP	
2173.1088	0.22879999999986467	UpDownStatesTimeIntervals			UP	
2175.0	14.0	SleepStates				WAKEstate
2190.0	30.0	SleepStates				NREMstate
2193.2048	0.13520000000016807	UpDownStatesTimeIntervals			UP	
2193.9528	0.14240000000017972	UpDownStatesTimeIntervals			UP	
2194.2416	0.17039999999997235	UpDownStatesTimeIntervals			DOWN	
2194.412	0.21600000000034925	UpDownStatesTimeIntervals			UP	
2194.9736	0.11760000000003856	UpDownStatesTimeIntervals			UP	
2197.6864	0.1815999999998894	UpDownStatesTimeIntervals			UP	
2198.7128	0.11920000000009168	UpDownStatesTimeIntervals			UP	
2203.4224	0.29680000000007567	UpDownStatesTimeIntervals			UP	
2204.6424	0.17519999999967695	UpDownStatesTimeIntervals			UP	
2206.5672	0.13040000000000873	UpDownStatesTimeIntervals			UP	
2207.1928	0.09440000000040527	UpDownStatesTimeIntervals			DOWN	
2207.2872	0.13519999999971333	UpDownStatesTimeIntervals			UP	
2208.0384	0.11680000000023938	UpDownStatesTimeIntervals			UP	
2211.484	0.13279999999986103	UpDownStatesTimeIntervals			UP	
2212.1112	0.14720000000033906	UpDownStatesTimeIntervals			UP	
2212.5856	0.09600000000000364	UpDownStatesTimeIntervals			UP	
2221.0	16.0	SleepStates				WAKEstate
2237.4112	0.13200000000006185	UpDownStatesTimeIntervals			UP	
2238.0	11.0	SleepStates				NREMstate
2238.2528	0.11199999999962529	UpDownStatesTimeIntervals			UP	
2239.136	0.13439999999991414	UpDownStatesTimeIntervals			UP	
2239.68	0.40160000000014406	UpDownStatesTimeIntervals			UP	
2240.9376	0.13839999999981956	UpDownStatesTimeIntervals			UP	
2241.9976	0.21119999999973516	UpDownStatesTimeIntervals			UP	
2242.6192	0.12159999999994398	UpDownStatesTimeIntervals			UP	
2246.096	0.1455999999998312	UpDownStatesTimeIntervals			UP	
2246.6464	0.3607999999999265	UpDownStatesTimeIntervals			UP	
2247.1144	0.17599999999993088	UpDownStatesTimeIntervals			DOWN	
2247.2904	0.1744000000003325	UpDownStatesTimeIntervals			UP	
2248.0496	0.12800000000015643	UpDownStatesTimeIntervals			UP	
2248.8296	0.13200000000006185	UpDownStatesTimeIntervals			UP	
2249.5472	0.12800000000015643	UpDownStatesTimeIntervals			UP	
2250.0	32.0	SleepStates				WAKEstate
2283.0	13.0	SleepStates				NREMstate
2283.6944	0.2096000000001368	UpDownStatesTimeIntervals			UP	
2284.6144	0.11680000000023938	UpDownStatesTimeIntervals			UP	
2288.7552	0.15039999999999054	UpDownStatesTimeIntervals			UP	
2289.7992	0.021600000000034925	UpDownStatesTimeIntervals			DOWN	
2289.8208	0.13839999999981956	UpDownStatesTimeIntervals			UP	
2290.4856	0.2656000000001768	UpDownStatesTimeIntervals			UP	
2291.3272	0.14879999999993743	UpDownStatesTimeIntervals			UP	
2291.8976	0.15360000000009677	UpDownStatesTimeIntervals			UP	
2292.792	0.11279999999987922	UpDownStatesTimeIntervals			UP	
2293.3712	0.17200000000002547	UpDownStatesTimeIntervals			UP	
2293.8856	0.11200000000008004	UpDownStatesTimeIntervals			UP	
2297.0	39.0	SleepStates				WAKEstate
2337.0	27.0	SleepStates				NREMstate
2338.2768	0.14879999999993743	UpDownStatesTimeIntervals			UP	
2338.972	0.11999999999989086	UpDownStatesTimeIntervals			UP	
2339.4768	0.17200000000002547	UpDownStatesTimeIntervals			UP	
2340.4568	0.13040000000000873	UpDownStatesTimeIntervals			UP	
2340.896	0.15919999999960055	UpDownStatesTimeIntervals			UP	
2343.4432	0.26080000000001746	UpDownStatesTimeIntervals			UP	
2344.0136	0.15839999999980137	UpDownStatesTimeIntervals			UP	
2344.4368	0.16400000000021464	UpDownStatesTimeIntervals			DOWN	
2344.6008	0.10799999999971988	UpDownStatesTimeIntervals			UP	
2346.7968	0.11279999999987922	UpDownStatesTimeIntervals			UP	
2347.86	0.04320000000006985	UpDownStatesTimeIntervals			DOWN	
2348.5168	0.25440000000025975	UpDownStatesTimeIntervals			UP	
2348.9976	0.16959999999971842	UpDownStatesTimeIntervals			UP	
2350.3696	0.39840000000003783	UpDownStatesTimeIntervals			UP	
2351.08	0.21199999999998909	UpDownStatesTimeIntervals			UP	
2352.1176	0.1495999999997366	UpDownStatesTimeIntervals			UP	
2353.012	0.11839999999983775	UpDownStatesTimeIntervals			UP	
2355.0864	0.28319999999985157	UpDownStatesTimeIntervals			UP	
2356.5352	0.11920000000009168	UpDownStatesTimeIntervals			UP	
2357.2104	0.11760000000003856	UpDownStatesTimeIntervals			UP	
2357.5056	0.0543999999999869	UpDownStatesTimeIntervals			DOWN	
2358.3944	0.3207999999999629	UpDownStatesTimeIntervals			UP	
2360.8952	0.1184000000002925	UpDownStatesTimeIntervals			UP	
2361.6856	0.1368000000002212	UpDownStatesTimeIntervals			UP	
2362.1176	0.16480000000001382	UpDownStatesTimeIntervals			UP	
2362.8776	0.05040000000008149	UpDownStatesTimeIntervals			DOWN	
2363.052	0.26319999999986976	UpDownStatesTimeIntervals			UP	
2364.284	0.20559999999977663	UpDownStatesTimeIntervals			UP	
2365.0	25.0	SleepStates				WAKEstate
2391.0	63.0	SleepStates				NREMstate
2391.6792	0.1455999999998312	UpDownStatesTimeIntervals			UP	
2392.5048	0.22959999999966385	UpDownStatesTimeIntervals			UP	
2397.5152	0.21280000000024302	UpDownStatesTimeIntervals			UP	
2398.1	0.07839999999987413	UpDownStatesTimeIntervals			UP	
2401.5824	0.12080000000014479	UpDownStatesTimeIntervals			UP	
2402.3896	0.06320000000005166	UpDownStatesTimeIntervals			DOWN	
2402.6704	0.38239999999996144	UpDownStatesTimeIntervals			UP	
2403.4488	0.21199999999998909	UpDownStatesTimeIntervals			UP	
2404.068	0.1087999999999738	UpDownStatesTimeIntervals			UP	
2405.6016	0.10559999999986758	UpDownStatesTimeIntervals			UP	
2406.1368	0.13599999999996726	UpDownStatesTimeIntervals			UP	
2406.8064	0.30720000000019354	UpDownStatesTimeIntervals			UP	
2407.6032	0.08559999999988577	UpDownStatesTimeIntervals			UP	
2408.1072	0.09439999999995052	UpDownStatesTimeIntervals			DOWN	
2408.8952	0.14879999999993743	UpDownStatesTimeIntervals			UP	
2409.5328	0.11360000000013315	UpDownStatesTimeIntervals			UP	
2410.0664	0.22080000000005384	UpDownStatesTimeIntervals			UP	
2410.6344	0.13040000000000873	UpDownStatesTimeIntervals			UP	
2411.6176	0.10399999999981446	UpDownStatesTimeIntervals			UP	
2414.6544	0.13280000000031578	UpDownStatesTimeIntervals			UP	
2415.0952	0.20799999999962893	UpDownStatesTimeIntervals			DOWN	
2415.5464	0.13040000000000873	UpDownStatesTimeIntervals			UP	
2419.9432	0.310399999999845	UpDownStatesTimeIntervals			UP	
2420.6856	0.3079999999999927	UpDownStatesTimeIntervals			UP	
2421.4192	0.1408000000001266	UpDownStatesTimeIntervals			UP	
2422.0032	0.12799999999970169	UpDownStatesTimeIntervals			UP	
2422.4752	0.17840000000023792	UpDownStatesTimeIntervals			UP	
2423.1448	0.16879999999991924	UpDownStatesTimeIntervals			UP	
2427.3664	0.14640000000008513	UpDownStatesTimeIntervals			UP	
2428.3672	0.2199999999997999	UpDownStatesTimeIntervals			UP	
2429.332	0.11760000000003856	UpDownStatesTimeIntervals			UP	
2430.3672	0.18640000000004875	UpDownStatesTimeIntervals			UP	
2432.192	0.13599999999996726	RippleTimeIntervals		2432.3272		
2433.1256	0.14240000000017972	UpDownStatesTimeIntervals			UP	
2434.0568	0.2816000000002532	UpDownStatesTimeIntervals			UP	
2436.488	0.11200000000008004	UpDownStatesTimeIntervals			UP	
2438.7064	0.35359999999991487	UpDownStatesTimeIntervals			UP	
2443.3384	0.1255999999998494	UpDownStatesTimeIntervals			UP	
2444.316	0.1248000000000502	UpDownStatesTimeIntervals			UP	
2450.012	0.14879999999993743	UpDownStatesTimeIntervals			UP	
2450.6232	0.06559999999990396	UpDownStatesTimeIntervals			UP	
2451.0696	0.2472000000002481	UpDownStatesTimeIntervals			UP	
2452.028	0.13200000000006185	UpDownStatesTimeIntervals			UP	
2452.6368	0.13679999999976644	UpDownStatesTimeIntervals			UP	
2453.2784	0.10959999999977299	UpDownStatesTimeIntervals			UP	
2455.0	7.0	SleepStates				WAKEstate
2462.108	0.31359999999995125	UpDownStatesTimeIntervals			UP	
2462.9736	0.11599999999998545	UpDownStatesTimeIntervals			UP	
2463.0	31.0	SleepStates				NREMstate
2463.728	0.12080000000014479	UpDownStatesTimeIntervals			UP	
2464.42	0.1248000000000502	UpDownStatesTimeIntervals			UP	
2464.9296	0.20400000000017826	UpDownStatesTimeIntervals			UP	
2465.7384	0.18319999999994252	UpDownStatesTimeIntervals			UP	
2466.5448	0.2503999999998996	UpDownStatesTimeIntervals			UP	
2468.052	0.18879999999990105	UpDownStatesTimeIntervals			UP	
2468.788	0.3063999999999396	UpDownStatesTimeIntervals			UP	
2469.6864	0.13360000000011496	UpDownStatesTimeIntervals			UP	
2470.512	0.11439999999993233	UpDownStatesTimeIntervals			UP	
2471.5272	0.23280000000022483	UpDownStatesTimeIntervals			UP	
2474.2112	0.1087999999999738	UpDownStatesTimeIntervals			UP	
2474.8048	0.1408000000001266	UpDownStatesTimeIntervals			UP	
2475.4624	0.24639999999999418	UpDownStatesTimeIntervals			UP	
2476.9208	0.14560000000028595	UpDownStatesTimeIntervals			UP	
2477.8992	0.15200000000004366	UpDownStatesTimeIntervals			UP	
2481.048	0.1248000000000502	UpDownStatesTimeIntervals			DOWN	
2481.4872	0.1111999999998261	UpDownStatesTimeIntervals			UP	
2482.2024	0.13439999999991414	UpDownStatesTimeIntervals			UP	
2482.7208	0.13360000000011496	UpDownStatesTimeIntervals			UP	
2483.3632	0.2448000000003958	UpDownStatesTimeIntervals			UP	
2483.8944	0.22399999999970532	UpDownStatesTimeIntervals			UP	
2484.6824	0.2624000000000706	UpDownStatesTimeIntervals			UP	
2485.4232	0.20959999999968204	UpDownStatesTimeIntervals			UP	
2488.1248	0.5927999999998974	UpDownStatesTimeIntervals			UP	
2488.7176	0.21439999999984138	UpDownStatesTimeIntervals			UP	
2489.5224	0.6040000000002692	UpDownStatesTimeIntervals			UP	
2490.2912	0.09920000000010987	UpDownStatesTimeIntervals			UP	
2490.8096	0.13200000000006185	UpDownStatesTimeIntervals			UP	
2491.5088	0.13360000000011496	UpDownStatesTimeIntervals			UP	
2495.0	34.0	SleepStates				WAKEstate
2530.0	30.0	SleepStates				NREMstate
2532.3616	0.12479999999959546	UpDownStatesTimeIntervals			UP	
2532.8008	0.1255999999998494	UpDownStatesTimeIntervals			UP	
2533.408	0.1087999999999738	UpDownStatesTimeIntervals			UP	
2535.8928	0.2496000000001004	UpDownStatesTimeIntervals			UP	
2536.6384	0.11440000000038708	UpDownStatesTimeIntervals			UP	
2537.5864	0.1248000000000502	UpDownStatesTimeIntervals			UP	
2539.5032	0.10719999999992069	RippleTimeIntervals		2539.5312		
2539.6176	0.1455999999998312	UpDownStatesTimeIntervals			UP	
2544.304	0.26319999999986976	UpDownStatesTimeIntervals			UP	
2544.6184	0.1024000000002161	UpDownStatesTimeIntervals			DOWN	
2545.636	0.10559999999986758	UpDownStatesTimeIntervals			UP	
2545.812	0.27359999999998763	UpDownStatesTimeIntervals			DOWN	
2546.0856	0.2175999999999476	UpDownStatesTimeIntervals			UP	
2546.6776	0.12640000000010332	UpDownStatesTimeIntervals			UP	
2547.2592	0.10800000000017462	UpDownStatesTimeIntervals			UP	
2548.1736	0.1639999999997599	UpDownStatesTimeIntervals			UP	
2548.7984	0.35199999999986176	UpDownStatesTimeIntervals			UP	
2550.064	0.2496000000001004	UpDownStatesTimeIntervals			UP	
2550.8824	0.1087999999999738	UpDownStatesTimeIntervals			UP	
2551.568	0.14639999999963038	UpDownStatesTimeIntervals			UP	
2552.1872	0.24479999999994106	UpDownStatesTimeIntervals			UP	
2555.3824	0.13360000000011496	UpDownStatesTimeIntervals			UP	
2555.8544	0.10239999999976135	UpDownStatesTimeIntervals			UP	
2556.416	0.2559999999998581	UpDownStatesTimeIntervals			UP	
2557.1288	0.21520000000009532	UpDownStatesTimeIntervals			UP	
2558.7472	0.04640000000017608	UpDownStatesTimeIntervals			UP	
2559.1208	0.26159999999981665	UpDownStatesTimeIntervals			UP	
2559.6256	0.14640000000008513	UpDownStatesTimeIntervals			DOWN	
2559.9464	0.19920000000001892	UpDownStatesTimeIntervals			UP	
2561.0	36.0	SleepStates				WAKEstate
2598.0	11.0	SleepStates				NREMstate
2598.2096	0.09040000000004511	UpDownStatesTimeIntervals			DOWN	
2598.3	0.15760000000000218	UpDownStatesTimeIntervals			UP	
2599.0256	0.14800000000013824	UpDownStatesTimeIntervals			UP	
2599.668	0.06639999999970314	UpDownStatesTimeIntervals			UP	
2599.904	0.36400000000003274	UpDownStatesTimeIntervals			UP	
2601.0424	0.245600000000195	UpDownStatesTimeIntervals			UP	
2601.9736	0.04080000000021755	UpDownStatesTimeIntervals			DOWN	
2602.0144	0.13760000000002037	UpDownStatesTimeIntervals			UP	
2602.9504	0.18879999999990105	UpDownStatesTimeIntervals			UP	
2603.5464	0.1335999999996602	UpDownStatesTimeIntervals			UP	
2604.1504	0.03920000000016444	UpDownStatesTimeIntervals			DOWN	
2604.1896	0.11040000000002692	UpDownStatesTimeIntervals			UP	
2604.7728	0.2727999999997337	UpDownStatesTimeIntervals			DOWN	
2605.4528	0.1271999999999025	UpDownStatesTimeIntervals			UP	
2610.0	475.0	SleepStates				WAKEstate
3086.0	12.0	SleepStates				NREMstate
3089.4368	0.16560000000026776	UpDownStatesTimeIntervals			UP	
3090.0608	0.19439999999985957	UpDownStatesTimeIntervals			DOWN	
3090.9896	0.2512000000001535	UpDownStatesTimeIntervals			UP	
3092.9064	0.2656000000001768	UpDownStatesTimeIntervals			UP	
3093.6424	0.24319999999988795	UpDownStatesTimeIntervals			UP	
3094.7104	0.334400000000187	UpDownStatesTimeIntervals			UP	
3099.0	219.0	SleepStates				WAKEstate
3301.112	0.11679999999978463	RippleTimeIntervals		3301.12		
3318.7688	0.10960000000022774	UpDownStatesTimeIntervals			UP	
3319.0	9.0	SleepStates				NREMstate
3319.5608	0.2383999999997286	UpDownStatesTimeIntervals			UP	
3320.328	0.051199999999880674	UpDownStatesTimeIntervals			DOWN	
3320.3792	0.22800000000006548	UpDownStatesTimeIntervals			UP	
3321.6024	0.14159999999992579	UpDownStatesTimeIntervals			UP	
3322.3272	0.06320000000005166	UpDownStatesTimeIntervals			DOWN	
3323.3648	0.11280000000033397	UpDownStatesTimeIntervals			UP	
3324.0728	0.12960000000020955	UpDownStatesTimeIntervals			UP	
3325.6432	0.2096000000001368	UpDownStatesTimeIntervals			UP	
3326.476	0.20159999999987122	UpDownStatesTimeIntervals			UP	
3326.7808	0.3007999999999811	UpDownStatesTimeIntervals			UP	
3327.6688	0.12319999999999709	UpDownStatesTimeIntervals			UP	
3329.0	14.0	SleepStates				WAKEstate
3343.9272	0.15439999999989595	UpDownStatesTimeIntervals			UP	
3344.0	31.0	SleepStates				NREMstate
3344.276	0.07280000000037035	UpDownStatesTimeIntervals			DOWN	
3344.6248	0.032000000000152795	UpDownStatesTimeIntervals			UP	
3345.1408	0.13679999999976644	UpDownStatesTimeIntervals			UP	
3345.368	0.058399999999892316	UpDownStatesTimeIntervals			DOWN	
3351.3936	0.09360000000015134	UpDownStatesTimeIntervals			UP	
3351.848	0.27359999999998763	UpDownStatesTimeIntervals			UP	
3352.6976	0.23919999999998254	UpDownStatesTimeIntervals			UP	
3353.02	0.03600000000005821	UpDownStatesTimeIntervals			DOWN	
3353.056	0.34639999999990323	UpDownStatesTimeIntervals			UP	
3353.872	0.24479999999994106	UpDownStatesTimeIntervals			UP	
3356.964	0.13760000000002037	UpDownStatesTimeIntervals			UP	
3357.848	0.5727999999999156	UpDownStatesTimeIntervals			UP	
3360.7928	0.2559999999998581	UpDownStatesTimeIntervals			UP	
3362.1784	0.19440000000031432	UpDownStatesTimeIntervals			UP	
3362.7296	0.10320000000001528	UpDownStatesTimeIntervals			UP	
3363.284	0.1799999999998363	UpDownStatesTimeIntervals			UP	
3363.82	0.1639999999997599	UpDownStatesTimeIntervals			UP	
3364.6384	0.1528000000002976	UpDownStatesTimeIntervals			UP	
3365.1304	0.2343999999998232	UpDownStatesTimeIntervals			UP	
3366.048	0.16960000000017317	UpDownStatesTimeIntervals			UP	
3366.7264	0.12159999999994398	UpDownStatesTimeIntervals			UP	
3367.1336	0.2943999999997686	UpDownStatesTimeIntervals			UP	
3368.1032	0.15439999999989595	UpDownStatesTimeIntervals			UP	
3368.6144	0.13999999999987267	UpDownStatesTimeIntervals			UP	
3369.24	0.09920000000010987	UpDownStatesTimeIntervals			UP	
3369.6712	0.18959999999970023	UpDownStatesTimeIntervals			UP	
3370.2688	0.052000000000134605	UpDownStatesTimeIntervals			DOWN	
3370.3208	0.12960000000020955	UpDownStatesTimeIntervals			UP	
3370.768	0.1615999999999076	UpDownStatesTimeIntervals			UP	
3371.4016	0.21679999999969368	UpDownStatesTimeIntervals			UP	
3372.1432	0.18559999999979482	UpDownStatesTimeIntervals			DOWN	
3372.3288	0.1544000000003507	UpDownStatesTimeIntervals			UP	
3374.1504	0.1608000000001084	UpDownStatesTimeIntervals			UP	
3376.0	18.0	SleepStates				WAKEstate
3395.0	111.0	SleepStates				NREMstate
3395.0376	0.1471999999998843	UpDownStatesTimeIntervals			UP	
3395.8672	0.17839999999978318	UpDownStatesTimeIntervals			UP	
3396.3752	0.2112000000001899	UpDownStatesTimeIntervals			UP	
3397.7672	0.18560000000024957	UpDownStatesTimeIntervals			UP	
3398.6496	0.2703999999998814	UpDownStatesTimeIntervals			UP	
3399.6184	0.21520000000009532	UpDownStatesTimeIntervals			UP	
3400.4032	0.1479999999996835	UpDownStatesTimeIntervals			UP	
3400.668	0.11999999999989086	UpDownStatesTimeIntervals			DOWN	
3401.3096	0.11599999999998545	UpDownStatesTimeIntervals			UP	
3402.6552	0.13119999999980791	UpDownStatesTimeIntervals			UP	
3405.3616	0.11519999999973152	UpDownStatesTimeIntervals			UP	
3406.2032	0.14400000000023283	UpDownStatesTimeIntervals			UP	
3406.9904	0.19439999999985957	UpDownStatesTimeIntervals			UP	
3408.0008	0.26880000000028303	UpDownStatesTimeIntervals			UP	
3412.1256	0.14720000000033906	UpDownStatesTimeIntervals			UP	
3415.7456	0.1495999999997366	UpDownStatesTimeIntervals			UP	
3416.7056	0.14800000000013824	UpDownStatesTimeIntervals			UP	
3417.8072	0.13839999999981956	UpDownStatesTimeIntervals			UP	
3423.776	0.2096000000001368	UpDownStatesTimeIntervals			UP	
3424.3696	0.23919999999998254	UpDownStatesTimeIntervals			UP	
3424.6088	0.4960000000000946	UpDownStatesTimeIntervals			UP	
3424.7984	0.3063999999999396	UpDownStatesTimeIntervals			DOWN	
3425.4352	0.14560000000028595	UpDownStatesTimeIntervals			UP	
3430.4736	0.2624000000000706	UpDownStatesTimeIntervals			UP	
3431.1792	0.13520000000016807	UpDownStatesTimeIntervals			UP	
3431.8576	0.12960000000020955	UpDownStatesTimeIntervals			UP	
3432.3488	0.1271999999999025	UpDownStatesTimeIntervals			UP	
3433.2416	0.2319999999999709	UpDownStatesTimeIntervals			UP	
3437.888	0.11040000000002692	UpDownStatesTimeIntervals			UP	
3440.2456	0.1255999999998494	UpDownStatesTimeIntervals			UP	
3441.5072	0.3528000000001157	UpDownStatesTimeIntervals			UP	
3441.5816	0.11360000000013315	RippleTimeIntervals		3441.5928		
3445.8536	0.20800000000008367	UpDownStatesTimeIntervals			UP	
3446.78	0.08959999999979118	UpDownStatesTimeIntervals			UP	
3447.3992	0.14960000000019136	UpDownStatesTimeIntervals			UP	
3448.5336	0.2199999999997999	UpDownStatesTimeIntervals			UP	
3449.2912	0.14079999999967185	UpDownStatesTimeIntervals			UP	
3450.3944	0.24559999999974025	UpDownStatesTimeIntervals			UP	
3451.1408	0.12159999999994398	UpDownStatesTimeIntervals			UP	
3451.6424	0.17679999999973006	UpDownStatesTimeIntervals			UP	
3455.8096	0.19039999999995416	UpDownStatesTimeIntervals			UP	
3456.3528	0.2383999999997286	UpDownStatesTimeIntervals			UP	
3456.6728	0.06000000000040018	UpDownStatesTimeIntervals			DOWN	
3458.28	0.1479999999996835	UpDownStatesTimeIntervals			UP	
3459.4928	0.13439999999991414	UpDownStatesTimeIntervals			UP	
3459.9008	0.04559999999992215	UpDownStatesTimeIntervals			DOWN	
3462.9448	0.2567999999996573	UpDownStatesTimeIntervals			UP	
3463.2992	0.10320000000001528	UpDownStatesTimeIntervals			DOWN	
3463.948	0.40000000000009095	UpDownStatesTimeIntervals			UP	
3464.8096	0.36959999999999127	UpDownStatesTimeIntervals			UP	
3465.9312	0.09520000000020445	UpDownStatesTimeIntervals			UP	
3467.6264	0.14399999999977808	UpDownStatesTimeIntervals			UP	
3468.1056	0.16800000000012005	UpDownStatesTimeIntervals			UP	
3469.028	0.10080000000016298	UpDownStatesTimeIntervals			UP	
3470.3936	0.1408000000001266	UpDownStatesTimeIntervals			UP	
3470.84	0.14079999999967185	UpDownStatesTimeIntervals			DOWN	
3470.9808	0.21840000000020154	UpDownStatesTimeIntervals			UP	
3471.8752	0.15279999999984284	UpDownStatesTimeIntervals			UP	
3472.3664	0.14640000000008513	UpDownStatesTimeIntervals			UP	
3472.9744	0.06959999999980937	UpDownStatesTimeIntervals			UP	
3473.5384	0.09520000000020445	UpDownStatesTimeIntervals			UP	
3473.996	0.22559999999975844	UpDownStatesTimeIntervals			UP	
3477.844	0.12399999999979627	UpDownStatesTimeIntervals			UP	
3478.7272	0.11760000000003856	UpDownStatesTimeIntervals			UP	
3480.1448	0.1255999999998494	UpDownStatesTimeIntervals			UP	
3481.172	0.13119999999980791	UpDownStatesTimeIntervals			UP	
3484.62	0.3047999999998865	UpDownStatesTimeIntervals			UP	
3485.2136	0.10800000000017462	UpDownStatesTimeIntervals			UP	
3485.7944	0.13759999999956563	UpDownStatesTimeIntervals			UP	
3485.952	0.18559999999979482	UpDownStatesTimeIntervals			DOWN	
3487.0944	0.16640000000006694	UpDownStatesTimeIntervals			DOWN	
3487.2608	0.17360000000007858	UpDownStatesTimeIntervals			UP	
3491.0144	0.12800000000015643	RippleTimeIntervals		3491.0936		
3494.5136	0.11439999999993233	UpDownStatesTimeIntervals			UP	
3495.164	0.30399999999963256	UpDownStatesTimeIntervals			UP	
3499.7008	0.25999999999976353	UpDownStatesTimeIntervals			UP	
3500.5336	0.08719999999993888	UpDownStatesTimeIntervals			UP	
3501.0592	0.20640000000003056	UpDownStatesTimeIntervals			UP	
3504.5512	0.22880000000031941	UpDownStatesTimeIntervals			UP	
3505.1576	0.07119999999986248	UpDownStatesTimeIntervals			UP	
3505.904	0.17039999999997235	UpDownStatesTimeIntervals			UP	
3507.0	25.0	SleepStates				WAKEstate
3533.0	11.0	SleepStates				NREMstate
3534.1136	0.24159999999983484	UpDownStatesTimeIntervals			UP	
3535.7856	0.24080000000003565	UpDownStatesTimeIntervals			UP	
3536.896	0.14399999999977808	UpDownStatesTimeIntervals			UP	
3537.3168	0.375999999999749	UpDownStatesTimeIntervals			UP	
3539.6136	0.11999999999989086	UpDownStatesTimeIntervals			UP	
3540.1136	0.20080000000007203	UpDownStatesTimeIntervals			DOWN	
3540.412	0.16640000000006694	UpDownStatesTimeIntervals			UP	
3540.9272	0.26159999999981665	UpDownStatesTimeIntervals			UP	
3541.9168	0.25440000000025975	UpDownStatesTimeIntervals			UP	
3542.8816	0.1111999999998261	UpDownStatesTimeIntervals			UP	
3543.352	0.18640000000004875	UpDownStatesTimeIntervals			UP	
3545.0	509.0	SleepStates				WAKEstate
4054.456	0.1936000000000604	UpDownStatesTimeIntervals			UP	
4055.0	7.0	SleepStates				NREMstate
4056.3944	0.14879999999993743	UpDownStatesTimeIntervals			UP	
4063.0	44.0	SleepStates				WAKEstate
4108.0	59.0	SleepStates				NREMstate
4115.1504	0.1503999999995358	UpDownStatesTimeIntervals			UP	
4116.1792	0.1632000000008702	UpDownStatesTimeIntervals			UP	
4119.4248	0.16480000000046857	UpDownStatesTimeIntervals			UP	
4120.56	0.23119999999926222	UpDownStatesTimeIntervals			UP	
4121.62	0.15679999999974825	UpDownStatesTimeIntervals			UP	
4128.7016	0.21199999999953434	UpDownStatesTimeIntervals			UP	
4130.0792	0.1631999999999607	UpDownStatesTimeIntervals			UP	
4148.908	0.15999999999985448	UpDownStatesTimeIntervals			UP	
4153.46	0.23999999999978172	UpDownStatesTimeIntervals			UP	
4158.9184	0.12880000000041036	UpDownStatesTimeIntervals			UP	
4159.8688	0.15120000000024447	UpDownStatesTimeIntervals			DOWN	
4164.1464	0.17840000000069267	UpDownStatesTimeIntervals			UP	
4165.2392	0.1592000000000553	UpDownStatesTimeIntervals			UP	
4166.7192	0.1408000000001266	UpDownStatesTimeIntervals			UP	
4168.0	360.0	SleepStates				WAKEstate
4528.7464	0.12399999999979627	UpDownStatesTimeIntervals			UP	
4529.0	7.0	SleepStates				NREMstate
4529.2104	0.25200000000040745	UpDownStatesTimeIntervals			UP	
4531.9312	0.1455999999998312	UpDownStatesTimeIntervals			UP	
4532.4152	0.21599999999943975	UpDownStatesTimeIntervals			UP	
4533.1664	0.12319999999999709	UpDownStatesTimeIntervals			UP	
4533.7808	0.05999999999949068	UpDownStatesTimeIntervals			DOWN	
4533.9888	0.2824000000000524	UpDownStatesTimeIntervals			UP	
4535.3656	0.1135999999996784	UpDownStatesTimeIntervals			UP	
4537.0	50.0	SleepStates				WAKEstate
4565.76	3108.543966666666	epochs	fCamk2_201014_102932			
4606.0	52.0	SleepStates				WAKEstate
4777.0	56.0	SleepStates				WAKEstate
4787.408	0.05760000000009313	RippleTimeIntervals		4787.4592		
4820.5448	0.1048000000000684	RippleTimeIntervals		4820.568		
4853.8856	0.09280000000035216	RippleTimeIntervals		4853.9008		
4882.98	0.12000000000080036	RippleTimeIntervals		4883.0016		
4888.9376	0.0911999999998443	RippleTimeIntervals		4888.948		
4934.7888	0.10959999999977299	RippleTimeIntervals		4934.8072		
4955.496	0.13119999999980791	RippleTimeIntervals		4955.5176		
4955.976	0.15360000000055152	RippleTimeIntervals		4955.9864		
5128.5576	0.10400000000026921	RippleTimeIntervals		5128.5688		
5132.1936	0.13360000000011496	RippleTimeIntervals		5132.212		
5132.4192	0.08719999999993888	RippleTimeIntervals		5132.432		
5205.4112	0.12080000000059954	RippleTimeIntervals		5205.4544		
5319.1712	0.1271999999999025	RippleTimeIntervals		5319.1832		
5420.0688	0.12479999999959546	RippleTimeIntervals		5420.0832		
5420.3968	0.12879999999950087	RippleTimeIntervals		5420.4072		
5442.4024	0.15120000000024447	RippleTimeIntervals		5442.412		
7632.0	157.0	SleepStates				WAKEstate
7674.304	2266.431966666667	epochs	fCamk2_201014_112432			
7789.52	0.20639999999912106	UpDownStatesTimeIntervals			UP	
7790.0	9.0	SleepStates				NREMstate
7792.4712	0.14400000000023283	UpDownStatesTimeIntervals			UP	
7792.9592	0.11279999999987922	UpDownStatesTimeIntervals			UP	
7794.1832	0.24239999999917927	UpDownStatesTimeIntervals			UP	
7794.8968	0.3055999999996857	UpDownStatesTimeIntervals			UP	
7796.8744	0.17920000000049185	UpDownStatesTimeIntervals			UP	
7797.6232	0.31599999999980355	UpDownStatesTimeIntervals			UP	
7798.3288	0.09360000000015134	UpDownStatesTimeIntervals			UP	
7798.7968	0.22400000000016007	UpDownStatesTimeIntervals			UP	
7799.5056	0.1359999999995125	UpDownStatesTimeIntervals			UP	
7800.0	34.0	SleepStates				WAKEstate
7834.8984	0.14639999999963038	UpDownStatesTimeIntervals			UP	
7835.0	7.0	SleepStates				NREMstate
7838.7728	0.14400000000023283	UpDownStatesTimeIntervals			UP	
7839.06	0.0863999999992302	UpDownStatesTimeIntervals			DOWN	
7839.7592	0.2087999999994281	UpDownStatesTimeIntervals			UP	
7840.4008	0.1543999999994412	UpDownStatesTimeIntervals			UP	
7841.1384	0.24319999999988795	UpDownStatesTimeIntervals			DOWN	
7841.3816	0.1271999999999025	UpDownStatesTimeIntervals			UP	
7842.0528	0.13519999999971333	UpDownStatesTimeIntervals			UP	
7843.0	26.0	SleepStates				WAKEstate
7870.0	20.0	SleepStates				NREMstate
7871.2576	0.17600000000038563	UpDownStatesTimeIntervals			UP	
7872.0888	0.12879999999950087	UpDownStatesTimeIntervals			UP	
7873.6376	0.1135999999996784	UpDownStatesTimeIntervals			UP	
7874.8976	0.17360000000007858	UpDownStatesTimeIntervals			UP	
7875.4112	0.24000000000069122	UpDownStatesTimeIntervals			UP	
7877.6632	0.1815999999998894	UpDownStatesTimeIntervals			UP	
7878.58	0.03279999999995198	UpDownStatesTimeIntervals			DOWN	
7881.336	0.14800000000013824	UpDownStatesTimeIntervals			UP	
7882.8688	0.1679999999996653	UpDownStatesTimeIntervals			UP	
7883.6184	0.2367999999996755	UpDownStatesTimeIntervals			UP	
7884.3184	0.2312000000001717	UpDownStatesTimeIntervals			DOWN	
7885.06	0.2455999999992855	UpDownStatesTimeIntervals			UP	
7885.624	0.18960000000060973	UpDownStatesTimeIntervals			UP	
7886.136	0.19759999999951106	UpDownStatesTimeIntervals			UP	
7888.3376	0.2672000000002299	UpDownStatesTimeIntervals			UP	
7889.1768	0.1319999999996071	UpDownStatesTimeIntervals			DOWN	
7889.3088	0.16080000000056316	UpDownStatesTimeIntervals			UP	
7891.0	13.0	SleepStates				WAKEstate
7905.0	19.0	SleepStates				NREMstate
7907.22	0.12159999999948923	UpDownStatesTimeIntervals			UP	
7908.0152	0.14320000000043365	UpDownStatesTimeIntervals			UP	
7908.9816	0.2232000000003609	UpDownStatesTimeIntervals			UP	
7910.1616	0.13519999999971333	UpDownStatesTimeIntervals			UP	
7910.7072	0.21039999999993597	UpDownStatesTimeIntervals			UP	
7911.3496	0.1368000000002212	UpDownStatesTimeIntervals			UP	
7913.4144	0.280800000000454	UpDownStatesTimeIntervals			UP	
7914.4248	0.25280000000020664	UpDownStatesTimeIntervals			UP	
7916.9096	0.26159999999981665	UpDownStatesTimeIntervals			UP	
7917.8048	0.17839999999978318	UpDownStatesTimeIntervals			UP	
7918.4872	0.09120000000075379	UpDownStatesTimeIntervals			DOWN	
7918.5784	0.26959999999962747	UpDownStatesTimeIntervals			UP	
7920.0176	0.4583999999995285	UpDownStatesTimeIntervals			UP	
7921.3856	0.13440000000082364	UpDownStatesTimeIntervals			UP	
7922.008	0.20560000000023138	UpDownStatesTimeIntervals			UP	
7925.0	8.0	SleepStates				WAKEstate
7934.0	20.0	SleepStates				NREMstate
7937.0232	0.17920000000049185	UpDownStatesTimeIntervals			UP	
7937.896	0.15760000000045693	UpDownStatesTimeIntervals			UP	
7938.5	0.13040000000000873	UpDownStatesTimeIntervals			UP	
7939.7992	0.12639999999919382	UpDownStatesTimeIntervals			UP	
7947.3824	0.05279999999947904	UpDownStatesTimeIntervals			DOWN	
7948.1016	0.3079999999999927	UpDownStatesTimeIntervals			UP	
7951.4264	0.35599999999976717	UpDownStatesTimeIntervals			UP	
7951.956	0.26159999999981665	UpDownStatesTimeIntervals			DOWN	
7955.0	9.0	SleepStates				WAKEstate
7994.9864	0.13439999999991414	RippleTimeIntervals		7995.0		
8169.3064	0.14239999999972497	RippleTimeIntervals		8169.4184		
8389.8888	0.1551999999992404	RippleTimeIntervals		8389.9536		
8391.1312	0.13919999999961874	RippleTimeIntervals		8391.1464		
8509.232	0.136000000000422	RippleTimeIntervals		8509.2536		
8552.5344	0.15279999999984284	RippleTimeIntervals		8552.6136		
8651.0	131.0	SleepStates				NREMstate
8653.0128	0.13519999999880383	UpDownStatesTimeIntervals			UP	
8657.3904	0.13119999999980791	UpDownStatesTimeIntervals			UP	
8658.16	0.21600000000034925	UpDownStatesTimeIntervals			UP	
8659.9696	0.06559999999990396	UpDownStatesTimeIntervals			DOWN	
8660.0352	0.1415999999990163	UpDownStatesTimeIntervals			UP	
8663.0024	0.1952000000001135	UpDownStatesTimeIntervals			UP	
8666.4808	0.0904000000009546	UpDownStatesTimeIntervals			DOWN	
8666.7416	0.13440000000082364	UpDownStatesTimeIntervals			UP	
8667.04	0.25679999999920256	UpDownStatesTimeIntervals			DOWN	
8668.424	0.15279999999984284	UpDownStatesTimeIntervals			UP	
8669.2152	0.06559999999990396	UpDownStatesTimeIntervals			DOWN	
8669.2808	0.2672000000002299	UpDownStatesTimeIntervals			UP	
8669.5064	0.1415999999990163	RippleTimeIntervals		8669.536		
8673.3152	0.16080000000147265	UpDownStatesTimeIntervals			UP	
8675.6736	0.14320000000043365	UpDownStatesTimeIntervals			UP	
8676.336	0.1368000000002212	UpDownStatesTimeIntervals			UP	
8677.9912	0.33439999999973224	UpDownStatesTimeIntervals			UP	
8683.2456	0.23840000000018335	UpDownStatesTimeIntervals			UP	
8684.1976	0.09760000000096625	UpDownStatesTimeIntervals			UP	
8685.1552	0.10960000000159198	UpDownStatesTimeIntervals			UP	
8685.7136	0.14400000000023283	UpDownStatesTimeIntervals			UP	
8688.5088	0.13360000000102445	UpDownStatesTimeIntervals			UP	
8689.1832	0.03840000000127475	UpDownStatesTimeIntervals			DOWN	
8689.2216	0.10959999999977299	UpDownStatesTimeIntervals			UP	
8689.9272	0.2551999999996042	UpDownStatesTimeIntervals			UP	
8692.7032	0.1504000000004453	UpDownStatesTimeIntervals			UP	
8694.2392	0.127200000000812	UpDownStatesTimeIntervals			UP	
8695.2728	0.1959999999999127	UpDownStatesTimeIntervals			UP	
8696.376	0.1136000000005879	UpDownStatesTimeIntervals			UP	
8702.58	0.08480000000054133	UpDownStatesTimeIntervals			UP	
8703.4512	0.20319999999992433	UpDownStatesTimeIntervals			UP	
8704.7136	0.1320000000014261	UpDownStatesTimeIntervals			UP	
8705.5952	0.18319999999948777	UpDownStatesTimeIntervals			DOWN	
8705.9864	0.29280000000107975	UpDownStatesTimeIntervals			UP	
8706.6552	0.12880000000041036	UpDownStatesTimeIntervals			UP	
8707.6456	0.15120000000024447	UpDownStatesTimeIntervals			UP	
8709.8104	0.15599999999903957	UpDownStatesTimeIntervals			UP	
8711.4568	0.22639999999955762	UpDownStatesTimeIntervals			UP	
8719.6568	0.13359999999920547	UpDownStatesTimeIntervals			UP	
8719.8728	0.10640000000057626	UpDownStatesTimeIntervals			DOWN	
8726.304	0.30320000000028813	UpDownStatesTimeIntervals			UP	
8730.2448	0.14719999999942956	UpDownStatesTimeIntervals			UP	
8731.6224	0.15359999999964202	UpDownStatesTimeIntervals			UP	
8732.0168	0.20319999999992433	UpDownStatesTimeIntervals			UP	
8732.772	0.0503999999982625	UpDownStatesTimeIntervals			DOWN	
8732.8224	0.11200000000098953	UpDownStatesTimeIntervals			UP	
8733.4752	0.127199999998993	UpDownStatesTimeIntervals			UP	
8736.4856	0.24400000000059663	UpDownStatesTimeIntervals			UP	
8741.36	0.10080000000016298	UpDownStatesTimeIntervals			UP	
8742.132	0.14400000000023283	UpDownStatesTimeIntervals			UP	
8742.6784	0.24479999999857682	UpDownStatesTimeIntervals			DOWN	
8742.9232	0.13520000000062282	UpDownStatesTimeIntervals			UP	
8743.7752	0.21999999999934516	UpDownStatesTimeIntervals			UP	
8744.1048	0.22479999999995925	UpDownStatesTimeIntervals			DOWN	
8744.4416	0.15279999999984284	UpDownStatesTimeIntervals			UP	
8745.2064	0.153600000001461	UpDownStatesTimeIntervals			UP	
8748.0352	0.12880000000041036	UpDownStatesTimeIntervals			UP	
8749.6912	0.14160000000083528	UpDownStatesTimeIntervals			DOWN	
8750.3104	0.12319999999999709	UpDownStatesTimeIntervals			UP	
8751.0256	0.14799999999922875	UpDownStatesTimeIntervals			UP	
8751.496	0.13840000000163855	UpDownStatesTimeIntervals			UP	
8754.7032	0.12479999999959546	UpDownStatesTimeIntervals			UP	
8755.2304	0.11919999999918218	UpDownStatesTimeIntervals			UP	
8757.9464	0.15279999999984284	UpDownStatesTimeIntervals			UP	
8764.9592	0.15680000000065775	UpDownStatesTimeIntervals			UP	
8765.5688	0.17600000000129512	UpDownStatesTimeIntervals			UP	
8766.2976	0.1864000000005035	UpDownStatesTimeIntervals			UP	
8766.848	0.227999999999156	UpDownStatesTimeIntervals			UP	
8767.4976	0.1224000000001979	UpDownStatesTimeIntervals			UP	
8768.0856	0.1415999999990163	UpDownStatesTimeIntervals			UP	
8769.9032	0.12559999999939464	UpDownStatesTimeIntervals			UP	
8772.5016	0.15359999999964202	UpDownStatesTimeIntervals			UP	
8773.4968	0.1815999999998894	UpDownStatesTimeIntervals			UP	
8775.752	0.2551999999996042	UpDownStatesTimeIntervals			UP	
8777.0416	0.118399999999383	UpDownStatesTimeIntervals			UP	
8777.6992	0.16080000000147265	UpDownStatesTimeIntervals			UP	
8778.4832	0.1863999999986845	UpDownStatesTimeIntervals			UP	
8779.144	0.1543999999994412	UpDownStatesTimeIntervals			UP	
8779.6992	0.22000000000116415	UpDownStatesTimeIntervals			UP	
8800.2224	0.1224000000001979	RippleTimeIntervals		8800.2464		
8845.8224	0.1728000000002794	RippleTimeIntervals		8845.8256		
8980.5	0.1551999999992404	RippleTimeIntervals		8980.552		
8981.8704	0.14240000000063446	RippleTimeIntervals		8981.9064		
9008.5848	0.10399999999935972	RippleTimeIntervals		9008.592		
9101.264	0.0632000000005064	RippleTimeIntervals		9101.3176		
9274.1936	0.13040000000000873	RippleTimeIntervals		9274.2248		
9293.3552	0.17120000000068103	RippleTimeIntervals		9293.4296		
9449.0008	0.13119999999980791	RippleTimeIntervals		9449.1256		
9456.0	12.0	SleepStates				NREMstate
9456.8032	0.1959999999999127	UpDownStatesTimeIntervals			UP	
9459.4336	0.1415999999990163	UpDownStatesTimeIntervals			UP	
9459.9512	0.39680000000043947	UpDownStatesTimeIntervals			UP	
9463.0704	0.13599999999860302	UpDownStatesTimeIntervals			UP	
9463.8176	0.10959999999977299	UpDownStatesTimeIntervals			UP	
9464.4696	0.1279999999987922	UpDownStatesTimeIntervals			UP	
9465.084	0.09439999999995052	UpDownStatesTimeIntervals			UP	
9466.2016	0.15359999999964202	UpDownStatesTimeIntervals			UP	
9469.0	7.0	SleepStates				WAKEstate
9476.7416	0.1320000000014261	UpDownStatesTimeIntervals			UP	
9477.0	234.0	SleepStates				NREMstate
9477.5832	0.16240000000107102	UpDownStatesTimeIntervals			UP	
9478.276	0.13119999999980791	UpDownStatesTimeIntervals			UP	
9479.8032	0.2824000000000524	UpDownStatesTimeIntervals			UP	
9480.9976	0.24319999999897846	UpDownStatesTimeIntervals			UP	
9482.3664	0.14480000000003201	UpDownStatesTimeIntervals			UP	
9483.9976	0.22239999999874271	UpDownStatesTimeIntervals			UP	
9484.9368	0.012000000000625732	UpDownStatesTimeIntervals			DOWN	
9484.9488	0.12639999999919382	UpDownStatesTimeIntervals			UP	
9487.376	0.12639999999919382	UpDownStatesTimeIntervals			UP	
9488.9432	0.13760000000002037	UpDownStatesTimeIntervals			UP	
9491.2112	0.22479999999995925	UpDownStatesTimeIntervals			UP	
9492.0472	0.2143999999989319	UpDownStatesTimeIntervals			UP	
9492.596	0.1368000000002212	UpDownStatesTimeIntervals			UP	
9493.7024	0.24879999999939173	UpDownStatesTimeIntervals			UP	
9494.26	0.11679999999978463	UpDownStatesTimeIntervals			DOWN	
9495.116	0.13999999999941792	UpDownStatesTimeIntervals			UP	
9496.7856	0.2128000000011525	UpDownStatesTimeIntervals			UP	
9497.4856	0.15200000000004366	UpDownStatesTimeIntervals			UP	
9498.924	0.13999999999941792	UpDownStatesTimeIntervals			UP	
9499.4184	0.14799999999922875	UpDownStatesTimeIntervals			UP	
9500.192	0.13360000000102445	UpDownStatesTimeIntervals			UP	
9502.9784	0.14799999999922875	UpDownStatesTimeIntervals			UP	
9503.6272	0.11599999999998545	UpDownStatesTimeIntervals			UP	
9504.7976	0.07200000000011642	UpDownStatesTimeIntervals			DOWN	
9505.576	0.14800000000104774	UpDownStatesTimeIntervals			UP	
9506.2728	0.25759999999900174	UpDownStatesTimeIntervals			UP	
9507.08	0.2088000000003376	UpDownStatesTimeIntervals			UP	
9510.2816	0.05439999999907741	UpDownStatesTimeIntervals			DOWN	
9510.336	0.14880000000084692	UpDownStatesTimeIntervals			UP	
9510.8888	0.127199999998993	UpDownStatesTimeIntervals			UP	
9511.7264	0.1368000000002212	UpDownStatesTimeIntervals			UP	
9520.0768	0.1367999999984022	UpDownStatesTimeIntervals			UP	
9520.9552	0.3047999999998865	UpDownStatesTimeIntervals			UP	
9522.3288	0.17920000000049185	UpDownStatesTimeIntervals			UP	
9523.1096	0.14160000000083528	UpDownStatesTimeIntervals			UP	
9524.2096	0.13839999999981956	UpDownStatesTimeIntervals			UP	
9526.6736	0.136000000000422	UpDownStatesTimeIntervals			UP	
9527.5936	0.16719999999986612	UpDownStatesTimeIntervals			DOWN	
9532.5504	0.13440000000082364	UpDownStatesTimeIntervals			UP	
9534.4624	0.18879999999990105	UpDownStatesTimeIntervals			UP	
9534.8616	0.2687999999998283	UpDownStatesTimeIntervals			DOWN	
9535.2888	0.23439999999936845	UpDownStatesTimeIntervals			UP	
9538.6288	0.11520000000018626	UpDownStatesTimeIntervals			UP	
9539.3216	0.14400000000023283	UpDownStatesTimeIntervals			UP	
9540.1672	0.13520000000062282	UpDownStatesTimeIntervals			UP	
9540.9672	0.14720000000124855	UpDownStatesTimeIntervals			UP	
9541.5464	0.11920000000100117	UpDownStatesTimeIntervals			UP	
9542.3352	0.10560000000077707	UpDownStatesTimeIntervals			UP	
9543.2624	0.053600000001097214	UpDownStatesTimeIntervals			DOWN	
9544.008	0.13520000000062282	UpDownStatesTimeIntervals			UP	
9546.1392	0.2136000000009517	UpDownStatesTimeIntervals			UP	
9546.856	0.13040000000000873	UpDownStatesTimeIntervals			UP	
9548.7048	0.10720000000037544	UpDownStatesTimeIntervals			UP	
9549.1488	0.14879999999902793	UpDownStatesTimeIntervals			UP	
9549.9632	0.02479999999923166	UpDownStatesTimeIntervals			DOWN	
9549.988	0.13920000000143773	UpDownStatesTimeIntervals			UP	
9550.6416	0.11359999999876891	UpDownStatesTimeIntervals			UP	
9551.6504	0.1728000000002794	UpDownStatesTimeIntervals			UP	
9552.6144	0.14239999999881547	UpDownStatesTimeIntervals			UP	
9554.9688	0.2319999999999709	UpDownStatesTimeIntervals			UP	
9559.164	0.14400000000023283	UpDownStatesTimeIntervals			DOWN	
9559.5224	0.22960000000057335	UpDownStatesTimeIntervals			UP	
9561.3096	0.1823999999996886	UpDownStatesTimeIntervals			UP	
9563.3064	0.1040000000011787	UpDownStatesTimeIntervals			UP	
9563.9048	0.032799999999042484	UpDownStatesTimeIntervals			DOWN	
9563.9376	0.10560000000077707	UpDownStatesTimeIntervals			UP	
9564.784	0.14160000000083528	UpDownStatesTimeIntervals			UP	
9565.3792	0.12480000000141445	UpDownStatesTimeIntervals			UP	
9566.6024	0.26080000000001746	UpDownStatesTimeIntervals			UP	
9569.648	0.21920000000136497	UpDownStatesTimeIntervals			UP	
9571.6288	0.118399999999383	UpDownStatesTimeIntervals			UP	
9574.2704	0.13520000000062282	UpDownStatesTimeIntervals			UP	
9574.876	0.19279999999889696	UpDownStatesTimeIntervals			UP	
9575.3792	0.24160000000119908	UpDownStatesTimeIntervals			UP	
9575.9656	0.13839999999981956	UpDownStatesTimeIntervals			UP	
9576.6064	0.11359999999876891	UpDownStatesTimeIntervals			UP	
9577.1088	0.14240000000063446	UpDownStatesTimeIntervals			UP	
9578.0856	0.13760000000002037	UpDownStatesTimeIntervals			UP	
9579.6824	0.24799999999959255	UpDownStatesTimeIntervals			UP	
9580.8752	0.23840000000018335	UpDownStatesTimeIntervals			UP	
9587.972	0.1264000000010128	RippleTimeIntervals		9588.012		
9588.5744	0.15520000000105938	RippleTimeIntervals		9588.6936		
9593.2488	0.17040000000088185	UpDownStatesTimeIntervals			UP	
9593.908	0.11120000000119035	UpDownStatesTimeIntervals			UP	
9595.0152	0.18000000000029104	UpDownStatesTimeIntervals			UP	
9600.516	0.14800000000104774	UpDownStatesTimeIntervals			UP	
9603.7976	0.11599999999998545	UpDownStatesTimeIntervals			UP	
9605.1056	0.12639999999919382	UpDownStatesTimeIntervals			UP	
9606.06	0.15120000000024447	UpDownStatesTimeIntervals			UP	
9606.876	0.06400000000030559	UpDownStatesTimeIntervals			UP	
9607.7624	0.15600000000085856	UpDownStatesTimeIntervals			UP	
9608.584	0.15279999999984284	UpDownStatesTimeIntervals			UP	
9612.9016	0.17920000000049185	UpDownStatesTimeIntervals			UP	
9613.476	0.032799999999042484	UpDownStatesTimeIntervals			DOWN	
9619.6648	0.2088000000003376	UpDownStatesTimeIntervals			DOWN	
9620.0224	0.14240000000063446	UpDownStatesTimeIntervals			UP	
9620.6432	0.1407999999992171	UpDownStatesTimeIntervals			UP	
9622.9872	0.09120000000075379	UpDownStatesTimeIntervals			DOWN	
9623.5744	0.09680000000116706	UpDownStatesTimeIntervals			UP	
9623.9984	0.22159999999894353	UpDownStatesTimeIntervals			UP	
9624.8264	0.136000000000422	UpDownStatesTimeIntervals			UP	
9625.4656	0.22800000000097498	UpDownStatesTimeIntervals			UP	
9626.5664	0.09840000000076543	UpDownStatesTimeIntervals			UP	
9627.5688	0.22960000000057335	UpDownStatesTimeIntervals			UP	
9629.6488	0.16239999999925203	UpDownStatesTimeIntervals			UP	
9630.8792	0.1856000000007043	UpDownStatesTimeIntervals			DOWN	
9631.3248	0.20559999999932188	UpDownStatesTimeIntervals			UP	
9632.7008	0.1815999999998894	UpDownStatesTimeIntervals			UP	
9635.3584	0.13840000000163855	UpDownStatesTimeIntervals			UP	
9636.0024	0.1504000000004453	UpDownStatesTimeIntervals			UP	
9636.4832	0.13359999999920547	UpDownStatesTimeIntervals			UP	
9637.1016	0.12399999999979627	UpDownStatesTimeIntervals			UP	
9637.6528	0.2504000000008091	UpDownStatesTimeIntervals			UP	
9638.2712	0.1400000000012369	UpDownStatesTimeIntervals			UP	
9640.884	0.18879999999990105	UpDownStatesTimeIntervals			UP	
9644.5624	0.23919999999998254	UpDownStatesTimeIntervals			UP	
9644.976	0.22079999999914435	RippleTimeIntervals		9645.14		
9645.0744	0.05280000000129803	UpDownStatesTimeIntervals			DOWN	
9645.4384	0.1504000000004453	UpDownStatesTimeIntervals			UP	
9649.2384	0.22079999999914435	UpDownStatesTimeIntervals			UP	
9649.9592	0.2224000000005617	UpDownStatesTimeIntervals			UP	
9654.3384	0.13279999999940628	UpDownStatesTimeIntervals			UP	
9658.26	0.1687999999994645	UpDownStatesTimeIntervals			UP	
9659.5616	0.1367999999984022	UpDownStatesTimeIntervals			UP	
9661.2104	0.10560000000077707	UpDownStatesTimeIntervals			UP	
9661.7936	0.16719999999986612	UpDownStatesTimeIntervals			UP	
9665.9048	0.34239999999954307	UpDownStatesTimeIntervals			UP	
9669.3176	0.13439999999900465	UpDownStatesTimeIntervals			UP	
9671.116	0.236800000000585	UpDownStatesTimeIntervals			UP	
9672.4192	0.04719999999906577	UpDownStatesTimeIntervals			DOWN	
9672.4664	0.2224000000005617	UpDownStatesTimeIntervals			UP	
9673.024	0.15200000000004366	UpDownStatesTimeIntervals			UP	
9673.5808	0.14160000000083528	UpDownStatesTimeIntervals			UP	
9674.0752	0.13440000000082364	UpDownStatesTimeIntervals			UP	
9674.8216	0.15120000000024447	UpDownStatesTimeIntervals			UP	
9678.1864	0.127199999998993	UpDownStatesTimeIntervals			UP	
9680.348	0.1504000000004453	UpDownStatesTimeIntervals			UP	
9681.7344	0.11520000000018626	UpDownStatesTimeIntervals			UP	
9682.4632	0.17599999999947613	UpDownStatesTimeIntervals			UP	
9683.1048	0.07360000000153377	UpDownStatesTimeIntervals			DOWN	
9683.1784	0.12879999999859137	UpDownStatesTimeIntervals			UP	
9683.7712	0.23280000000158907	UpDownStatesTimeIntervals			UP	
9684.652	0.15760000000045693	UpDownStatesTimeIntervals			UP	
9685.3248	0.14639999999963038	UpDownStatesTimeIntervals			UP	
9690.3312	0.19359999999869615	RippleTimeIntervals		9690.4176		
9690.8776	0.12960000000020955	UpDownStatesTimeIntervals			UP	
9691.6872	0.13519999999880383	UpDownStatesTimeIntervals			UP	
9694.9344	0.15120000000024447	UpDownStatesTimeIntervals			UP	
9695.7928	0.14320000000043365	UpDownStatesTimeIntervals			UP	
9696.8272	0.07840000000032887	UpDownStatesTimeIntervals			DOWN	
9697.2376	0.2143999999989319	UpDownStatesTimeIntervals			UP	
9699.2544	0.13520000000062282	UpDownStatesTimeIntervals			UP	
9700.7768	0.13440000000082364	UpDownStatesTimeIntervals			UP	
9701.5768	0.12079999999878055	UpDownStatesTimeIntervals			UP	
9704.1208	0.11359999999876891	UpDownStatesTimeIntervals			UP	
9704.8344	0.1264000000010128	UpDownStatesTimeIntervals			UP	
9705.288	0.23919999999998254	UpDownStatesTimeIntervals			UP	
9706.0736	0.22400000000016007	UpDownStatesTimeIntervals			UP	
9706.7472	0.1408000000010361	UpDownStatesTimeIntervals			UP	
9709.0368	0.14719999999942956	UpDownStatesTimeIntervals			UP	
9710.2304	0.13839999999981956	UpDownStatesTimeIntervals			UP	
9712.0	10.0	SleepStates				WAKEstate
9723.0	216.0	SleepStates				NREMstate
9729.0472	0.14799999999922875	UpDownStatesTimeIntervals			UP	
9731.572	0.1415999999990163	UpDownStatesTimeIntervals			UP	
9741.9392	0.27919999999903666	UpDownStatesTimeIntervals			UP	
9742.8736	0.16719999999986612	UpDownStatesTimeIntervals			UP	
9743.5504	0.10319999999956053	UpDownStatesTimeIntervals			UP	
9744.452	0.25760000000082073	UpDownStatesTimeIntervals			UP	
9752.6888	0.12880000000041036	UpDownStatesTimeIntervals			UP	
9753.3968	0.014400000000023283	UpDownStatesTimeIntervals			DOWN	
9753.4112	0.11440000000038708	UpDownStatesTimeIntervals			UP	
9753.9528	0.12960000000020955	UpDownStatesTimeIntervals			UP	
9754.4512	0.24799999999959255	UpDownStatesTimeIntervals			UP	
9761.796	0.2047999999995227	UpDownStatesTimeIntervals			UP	
9762.6088	0.14799999999922875	UpDownStatesTimeIntervals			UP	
9763.1944	0.11279999999896972	UpDownStatesTimeIntervals			UP	
9763.7032	0.11119999999937136	UpDownStatesTimeIntervals			UP	
9764.8472	0.14240000000063446	UpDownStatesTimeIntervals			UP	
9765.3944	0.14640000000144937	UpDownStatesTimeIntervals			UP	
9766.2736	0.11679999999978463	UpDownStatesTimeIntervals			UP	
9766.9472	0.1503999999986263	UpDownStatesTimeIntervals			UP	
9769.7672	0.2096000000001368	UpDownStatesTimeIntervals			UP	
9776.2656	0.14799999999922875	UpDownStatesTimeIntervals			UP	
9777.7352	0.25120000000060827	UpDownStatesTimeIntervals			UP	
9778.3496	0.10720000000037544	UpDownStatesTimeIntervals			UP	
9779.6768	0.10800000000017462	UpDownStatesTimeIntervals			UP	
9780.4856	0.1407999999992171	UpDownStatesTimeIntervals			UP	
9781.348	0.136000000000422	UpDownStatesTimeIntervals			UP	
9781.664	0.10319999999956053	UpDownStatesTimeIntervals			DOWN	
9782.0496	0.12639999999919382	UpDownStatesTimeIntervals			UP	
9787.5176	0.23040000000037253	UpDownStatesTimeIntervals			UP	
9787.9768	0.16480000000046857	RippleTimeIntervals		9788.0464		
9788.048	0.11919999999918218	UpDownStatesTimeIntervals			UP	
9788.2072	0.4143999999996595	UpDownStatesTimeIntervals			DOWN	
9788.8024	0.26159999999981665	UpDownStatesTimeIntervals			UP	
9791.468	0.12399999999979627	UpDownStatesTimeIntervals			UP	
9792.9936	0.16640000000006694	UpDownStatesTimeIntervals			UP	
9793.6464	0.23040000000037253	UpDownStatesTimeIntervals			UP	
9795.0216	0.2783999999992375	UpDownStatesTimeIntervals			UP	
9800.6	0.13439999999900465	UpDownStatesTimeIntervals			UP	
9801.6696	0.14800000000104774	UpDownStatesTimeIntervals			UP	
9802.2944	0.053599999999278225	UpDownStatesTimeIntervals			UP	
9802.9064	0.03679999999985739	UpDownStatesTimeIntervals			DOWN	
9803.0792	0.11440000000038708	UpDownStatesTimeIntervals			UP	
9803.6128	0.21999999999934516	UpDownStatesTimeIntervals			UP	
9804.6856	0.22559999999975844	UpDownStatesTimeIntervals			UP	
9806.5608	0.153600000001461	UpDownStatesTimeIntervals			DOWN	
9806.7144	0.12639999999919382	UpDownStatesTimeIntervals			UP	
9808.3584	0.272000000000844	UpDownStatesTimeIntervals			UP	
9809.7384	0.14639999999963038	RippleTimeIntervals		9809.7992		
9810.7168	0.12960000000020955	UpDownStatesTimeIntervals			UP	
9811.0048	0.12079999999878055	RippleTimeIntervals		9811.0752		
9811.5224	0.12880000000041036	UpDownStatesTimeIntervals			UP	
9812.1656	0.16079999999965366	UpDownStatesTimeIntervals			UP	
9813.3192	0.24400000000059663	UpDownStatesTimeIntervals			UP	
9814.3224	0.4216000000014901	UpDownStatesTimeIntervals			UP	
9818.7328	0.13040000000000873	UpDownStatesTimeIntervals			UP	
9819.7184	0.13119999999980791	UpDownStatesTimeIntervals			UP	
9820.3328	0.1543999999994412	UpDownStatesTimeIntervals			UP	
9820.5792	0.4215999999996711	UpDownStatesTimeIntervals			DOWN	
9823.42	0.2736000000004424	UpDownStatesTimeIntervals			UP	
9826.2392	0.2551999999996042	UpDownStatesTimeIntervals			UP	
9826.8904	0.20319999999992433	UpDownStatesTimeIntervals			UP	
9827.436	0.15120000000024447	UpDownStatesTimeIntervals			UP	
9828.2912	0.1632000000008702	UpDownStatesTimeIntervals			UP	
9828.8176	0.13119999999980791	UpDownStatesTimeIntervals			UP	
9829.848	0.10800000000017462	UpDownStatesTimeIntervals			UP	
9830.3856	0.14639999999963038	UpDownStatesTimeIntervals			DOWN	
9830.532	0.14640000000144937	UpDownStatesTimeIntervals			UP	
9832.1384	0.27920000000085565	UpDownStatesTimeIntervals			UP	
9834.4512	0.15359999999964202	UpDownStatesTimeIntervals			UP	
9835.0016	0.20720000000073924	UpDownStatesTimeIntervals			UP	
9835.556	0.16640000000006694	UpDownStatesTimeIntervals			UP	
9837.8368	0.11200000000098953	UpDownStatesTimeIntervals			UP	
9838.784	0.10720000000037544	UpDownStatesTimeIntervals			UP	
9839.916	0.136000000000422	UpDownStatesTimeIntervals			UP	
9840.652	0.08319999999912397	UpDownStatesTimeIntervals			DOWN	
9840.7352	0.16880000000128348	UpDownStatesTimeIntervals			UP	
9841.2544	0.1496000000006461	UpDownStatesTimeIntervals			DOWN	
9843.4408	0.16159999999945285	UpDownStatesTimeIntervals			UP	
9845.244	0.16640000000006694	UpDownStatesTimeIntervals			UP	
9845.9984	0.05199999999967986	UpDownStatesTimeIntervals			DOWN	
9846.0504	0.13760000000002037	UpDownStatesTimeIntervals			UP	
9846.9216	0.13040000000000873	UpDownStatesTimeIntervals			DOWN	
9847.4704	0.1415999999990163	UpDownStatesTimeIntervals			UP	
9851.7408	0.14720000000124855	UpDownStatesTimeIntervals			UP	
9852.664	0.127199999998993	UpDownStatesTimeIntervals			UP	
9853.1704	0.13760000000002037	UpDownStatesTimeIntervals			UP	
9853.9312	0.11679999999978463	UpDownStatesTimeIntervals			UP	
9854.5984	0.14480000000003201	UpDownStatesTimeIntervals			UP	
9856.9648	0.14639999999963038	UpDownStatesTimeIntervals			UP	
9857.9912	0.13519999999880383	UpDownStatesTimeIntervals			UP	
9867.5584	0.14160000000083528	UpDownStatesTimeIntervals			UP	
9868.3312	0.09759999999914726	UpDownStatesTimeIntervals			UP	
9869.348	0.1959999999999127	UpDownStatesTimeIntervals			UP	
9870.0528	0.09680000000116706	UpDownStatesTimeIntervals			UP	
9870.608	0.24239999999917927	UpDownStatesTimeIntervals			UP	
9871.5296	0.11920000000100117	UpDownStatesTimeIntervals			DOWN	
9871.9848	0.1368000000002212	UpDownStatesTimeIntervals			UP	
9873.1104	0.12479999999959546	UpDownStatesTimeIntervals			UP	
9873.9368	0.24719999999979336	UpDownStatesTimeIntervals			UP	
9876.4896	0.2511999999987893	UpDownStatesTimeIntervals			UP	
9877.904	0.17199999999866122	UpDownStatesTimeIntervals			UP	
9878.7368	0.15279999999984284	UpDownStatesTimeIntervals			UP	
9880.1112	0.14800000000104774	UpDownStatesTimeIntervals			UP	
9880.8488	0.13040000000000873	UpDownStatesTimeIntervals			UP	
9881.2984	0.1856000000007043	UpDownStatesTimeIntervals			UP	
9882.1856	0.3311999999987165	UpDownStatesTimeIntervals			UP	
9882.96	0.10160000000178115	UpDownStatesTimeIntervals			UP	
9883.4136	0.07120000000031723	UpDownStatesTimeIntervals			DOWN	
9883.4848	0.14320000000043365	UpDownStatesTimeIntervals			UP	
9887.1568	0.15999999999985448	UpDownStatesTimeIntervals			UP	
9888.052	0.1224000000001979	UpDownStatesTimeIntervals			UP	
9888.2232	0.12639999999919382	RippleTimeIntervals		9888.224		
9889.9744	0.153600000001461	UpDownStatesTimeIntervals			UP	
9890.5752	0.16880000000128348	UpDownStatesTimeIntervals			UP	
9891.9552	0.11520000000018626	UpDownStatesTimeIntervals			UP	
9892.372	0.1768000000010943	UpDownStatesTimeIntervals			UP	
9893.6384	0.11200000000098953	UpDownStatesTimeIntervals			UP	
9894.3976	0.1679999999996653	UpDownStatesTimeIntervals			UP	
9897.6632	0.11439999999856809	UpDownStatesTimeIntervals			UP	
9898.5232	0.24880000000121072	UpDownStatesTimeIntervals			UP	
9901.2376	0.1455999999998312	UpDownStatesTimeIntervals			UP	
9901.7552	0.13520000000062282	UpDownStatesTimeIntervals			UP	
9902.5408	0.1319999999996071	UpDownStatesTimeIntervals			UP	
9903.2672	0.1496000000006461	UpDownStatesTimeIntervals			UP	
9903.6224	0.046399999999266583	UpDownStatesTimeIntervals			DOWN	
9903.7872	0.14719999999942956	UpDownStatesTimeIntervals			UP	
9904.5048	0.15120000000024447	UpDownStatesTimeIntervals			UP	
9906.1904	0.23360000000138825	UpDownStatesTimeIntervals			UP	
9907.1896	0.22639999999955762	UpDownStatesTimeIntervals			DOWN	
9911.3336	0.2991999999994732	UpDownStatesTimeIntervals			UP	
9912.1968	0.26480000000083237	UpDownStatesTimeIntervals			UP	
9912.8904	0.3191999999999098	UpDownStatesTimeIntervals			UP	
9913.6288	0.05040000000008149	UpDownStatesTimeIntervals			UP	
9914.0008	0.23359999999956926	UpDownStatesTimeIntervals			UP	
9914.6872	0.10559999999895808	UpDownStatesTimeIntervals			UP	
9915.2048	0.12319999999999709	UpDownStatesTimeIntervals			UP	
9915.8448	0.14799999999922875	UpDownStatesTimeIntervals			UP	
9916.8952	0.11999999999898137	UpDownStatesTimeIntervals			UP	
9917.4584	0.16880000000128348	UpDownStatesTimeIntervals			UP	
9922.6456	0.11520000000018626	UpDownStatesTimeIntervals			UP	
9923.2704	0.14160000000083528	UpDownStatesTimeIntervals			UP	
9923.9128	0.1455999999998312	UpDownStatesTimeIntervals			UP	
9924.4096	0.08559999999852153	UpDownStatesTimeIntervals			UP	
9925.0616	0.16319999999905122	UpDownStatesTimeIntervals			UP	
9929.24	0.15680000000065775	UpDownStatesTimeIntervals			UP	
9932.7992	0.27920000000085565	UpDownStatesTimeIntervals			UP	
9933.5384	0.36480000000119617	UpDownStatesTimeIntervals			DOWN	
9937.9624	0.245600000000195	UpDownStatesTimeIntervals			UP	
9938.2352	0.11840000000120199	RippleTimeIntervals		9938.3192		
9939.4512	0.15200000000004366	UpDownStatesTimeIntervals			UP	
9940.0	41.0	SleepStates				WAKEstate
9940.736	1414.591966666665	epochs	fCamk2_201014_120236			
9982.0	8.0	SleepStates				NREMstate
9991.0	65.0	SleepStates				WAKEstate
10057.0	21.0	SleepStates				NREMstate
10071.712	0.24400000000059663	UpDownStatesTimeIntervals			UP	
10072.1256	0.3047999999998865	UpDownStatesTimeIntervals			DOWN	
10072.748	0.25760000000082073	UpDownStatesTimeIntervals			DOWN	
10079.0	13.0	SleepStates				WAKEstate
11352.0	582.0	SleepStates				WAKEstate
11355.328	3438.3679666666667	epochs	fCamk2_201014_122743			
11935.0	47.0	SleepStates				NREMstate
11942.1896	0.16079999999965366	UpDownStatesTimeIntervals			UP	
11967.0752	0.17520000000149594	UpDownStatesTimeIntervals			UP	
11977.3832	0.17120000000068103	UpDownStatesTimeIntervals			UP	
11979.408	0.22960000000057335	UpDownStatesTimeIntervals			UP	
11983.0	336.0	SleepStates				WAKEstate
12320.0	53.0	SleepStates				NREMstate
12325.7608	0.1496000000006461	UpDownStatesTimeIntervals			UP	
12329.352	0.0319999999992433	UpDownStatesTimeIntervals			DOWN	
12329.384	0.14320000000043365	UpDownStatesTimeIntervals			UP	
12340.308	0.19039999999949941	UpDownStatesTimeIntervals			UP	
12343.9512	0.14240000000063446	UpDownStatesTimeIntervals			UP	
12344.5728	0.4272000000000844	UpDownStatesTimeIntervals			DOWN	
12345.0	0.21600000000034925	UpDownStatesTimeIntervals			UP	
12374.0	43.0	SleepStates				WAKEstate
12417.388	0.11359999999876891	UpDownStatesTimeIntervals			UP	
12418.0	11.0	SleepStates				NREMstate
12418.6432	0.18959999999970023	UpDownStatesTimeIntervals			UP	
12419.3344	0.2504000000008091	UpDownStatesTimeIntervals			UP	
12420.312	0.1584000000002561	UpDownStatesTimeIntervals			UP	
12421.3048	0.10319999999956053	UpDownStatesTimeIntervals			DOWN	
12430.0	529.0	SleepStates				WAKEstate
12960.0	7.0	SleepStates				NREMstate
12968.0	70.0	SleepStates				WAKEstate
13038.4288	0.1496000000006461	UpDownStatesTimeIntervals			UP	
13039.0	9.0	SleepStates				NREMstate
13039.148	0.16560000000026776	UpDownStatesTimeIntervals			UP	
13039.6712	0.1503999999986263	UpDownStatesTimeIntervals			UP	
13040.2792	0.13919999999961874	UpDownStatesTimeIntervals			UP	
13043.0888	0.1136000000005879	UpDownStatesTimeIntervals			UP	
13043.6632	0.19519999999829452	UpDownStatesTimeIntervals			UP	
13046.5752	0.22479999999995925	UpDownStatesTimeIntervals			UP	
13047.0976	0.03200000000106229	UpDownStatesTimeIntervals			DOWN	
13047.1296	0.21600000000034925	UpDownStatesTimeIntervals			UP	
13047.9696	0.10639999999875727	UpDownStatesTimeIntervals			UP	
13048.5552	0.1503999999986263	UpDownStatesTimeIntervals			UP	
13049.0	391.0	SleepStates				WAKEstate
13234.3648	0.1632000000008702	RippleTimeIntervals		13234.488		
13441.0	71.0	SleepStates				NREMstate
13450.5056	0.09839999999894644	UpDownStatesTimeIntervals			DOWN	
13450.604	0.14720000000124855	UpDownStatesTimeIntervals			UP	
13457.7632	0.14880000000084692	UpDownStatesTimeIntervals			UP	
13458.8016	0.023999999999432475	UpDownStatesTimeIntervals			DOWN	
13458.8256	0.15999999999985448	UpDownStatesTimeIntervals			UP	
13463.6208	0.19199999999909778	UpDownStatesTimeIntervals			UP	
13483.0216	0.08879999999953725	UpDownStatesTimeIntervals			DOWN	
13483.2016	0.19360000000051514	UpDownStatesTimeIntervals			UP	
13488.5352	0.13279999999940628	UpDownStatesTimeIntervals			UP	
13490.016	0.22160000000076252	UpDownStatesTimeIntervals			UP	
13494.4872	0.15200000000004366	UpDownStatesTimeIntervals			UP	
13495.9112	0.36959999999999127	UpDownStatesTimeIntervals			UP	
13497.2784	0.28400000000146974	UpDownStatesTimeIntervals			UP	
13503.6136	0.1728000000002794	UpDownStatesTimeIntervals			UP	
13504.984	0.13439999999900465	UpDownStatesTimeIntervals			UP	
13507.7608	0.2232000000003609	UpDownStatesTimeIntervals			DOWN	
13507.984	0.20080000000052678	UpDownStatesTimeIntervals			UP	
13511.8656	0.1680000000014843	UpDownStatesTimeIntervals			DOWN	
13512.0336	0.15200000000004366	UpDownStatesTimeIntervals			UP	
13513.0	10.0	SleepStates				WAKEstate
13524.0	25.0	SleepStates				NREMstate
13529.2696	0.14160000000083528	UpDownStatesTimeIntervals			UP	
13529.6168	0.7728000000006432	UpDownStatesTimeIntervals			DOWN	
13533.4584	0.1408000000010361	UpDownStatesTimeIntervals			UP	
13534.348	0.19759999999951106	UpDownStatesTimeIntervals			DOWN	
13534.5456	0.33920000000034634	UpDownStatesTimeIntervals			UP	
13534.984	0.2551999999996042	UpDownStatesTimeIntervals			DOWN	
13535.6152	0.17360000000007858	UpDownStatesTimeIntervals			UP	
13536.2248	0.28000000000065484	UpDownStatesTimeIntervals			UP	
13547.5504	0.09120000000075379	UpDownStatesTimeIntervals			DOWN	
13548.3656	0.13840000000163855	UpDownStatesTimeIntervals			UP	
13550.0	8.0	SleepStates				WAKEstate
13559.0	194.0	SleepStates				NREMstate
13567.204	0.26480000000083237	UpDownStatesTimeIntervals			UP	
13567.7824	0.1455999999998312	UpDownStatesTimeIntervals			DOWN	
13571.7408	0.12800000000061118	UpDownStatesTimeIntervals			UP	
13573.4432	0.19039999999949941	UpDownStatesTimeIntervals			UP	
13574.56	0.23999999999978172	UpDownStatesTimeIntervals			UP	
13575.584	0.23999999999978172	UpDownStatesTimeIntervals			UP	
13575.9544	0.2175999999999476	UpDownStatesTimeIntervals			DOWN	
13579.1128	0.35199999999895226	UpDownStatesTimeIntervals			UP	
13582.0568	0.22960000000057335	UpDownStatesTimeIntervals			UP	
13582.6936	0.22479999999995925	UpDownStatesTimeIntervals			UP	
13588.7592	0.17039999999906286	UpDownStatesTimeIntervals			UP	
13589.4296	0.1632000000008702	UpDownStatesTimeIntervals			DOWN	
13592.1512	0.16640000000006694	UpDownStatesTimeIntervals			UP	
13592.82	0.14160000000083528	UpDownStatesTimeIntervals			UP	
13593.0464	0.1455999999998312	UpDownStatesTimeIntervals			DOWN	
13594.5704	0.21999999999934516	UpDownStatesTimeIntervals			UP	
13595.2168	0.46639999999933934	UpDownStatesTimeIntervals			DOWN	
13599.6272	0.14959999999882712	UpDownStatesTimeIntervals			UP	
13602.4128	0.15680000000065775	UpDownStatesTimeIntervals			UP	
13602.744	0.2407999999995809	UpDownStatesTimeIntervals			DOWN	
13605.1712	0.19919999999910942	UpDownStatesTimeIntervals			UP	
13609.7864	0.25599999999940337	UpDownStatesTimeIntervals			DOWN	
13610.0424	0.16719999999986612	UpDownStatesTimeIntervals			UP	
13616.0824	0.25760000000082073	UpDownStatesTimeIntervals			UP	
13616.4272	0.22400000000016007	UpDownStatesTimeIntervals			DOWN	
13617.8144	0.17120000000068103	UpDownStatesTimeIntervals			UP	
13620.4776	0.0911999999989348	UpDownStatesTimeIntervals			DOWN	
13620.5688	0.13360000000102445	UpDownStatesTimeIntervals			UP	
13627.1648	0.21519999999873107	UpDownStatesTimeIntervals			DOWN	
13627.9232	0.2128000000011525	UpDownStatesTimeIntervals			UP	
13630.2344	0.2039999999997235	UpDownStatesTimeIntervals			UP	
13631.3096	0.17439999999987776	UpDownStatesTimeIntervals			UP	
13633.5256	0.3823999999985972	UpDownStatesTimeIntervals			UP	
13634.5408	0.2743999999984226	UpDownStatesTimeIntervals			UP	
13637.2616	0.14160000000083528	UpDownStatesTimeIntervals			UP	
13637.7648	0.23599999999896681	UpDownStatesTimeIntervals			UP	
13638.764	0.236800000000585	UpDownStatesTimeIntervals			DOWN	
13639.0008	0.17439999999987776	UpDownStatesTimeIntervals			UP	
13639.46	0.08880000000135624	UpDownStatesTimeIntervals			DOWN	
13643.6056	0.2319999999999709	UpDownStatesTimeIntervals			DOWN	
13644.168	0.20640000000094005	UpDownStatesTimeIntervals			DOWN	
13644.3744	0.14959999999882712	UpDownStatesTimeIntervals			UP	
13645.1784	0.27039999999942665	UpDownStatesTimeIntervals			UP	
13645.84	0.3047999999998865	UpDownStatesTimeIntervals			UP	
13647.0496	0.18559999999888532	UpDownStatesTimeIntervals			UP	
13648.0424	0.2495999999991909	UpDownStatesTimeIntervals			UP	
13648.7968	0.1368000000002212	UpDownStatesTimeIntervals			DOWN	
13654.44	0.2551999999996042	UpDownStatesTimeIntervals			UP	
13657.716	0.21119999999973516	UpDownStatesTimeIntervals			UP	
13663.2416	0.1952000000001135	UpDownStatesTimeIntervals			UP	
13664.04	0.1455999999998312	UpDownStatesTimeIntervals			UP	
13665.2624	0.22080000000096334	UpDownStatesTimeIntervals			UP	
13665.728	0.32000000000152795	UpDownStatesTimeIntervals			DOWN	
13669.5552	0.17679999999927531	UpDownStatesTimeIntervals			UP	
13677.6776	0.3191999999999098	UpDownStatesTimeIntervals			UP	
13679.14	0.38479999999981374	UpDownStatesTimeIntervals			UP	
13681.5544	0.30239999999866995	UpDownStatesTimeIntervals			DOWN	
13682.0864	0.1775999999990745	UpDownStatesTimeIntervals			DOWN	
13682.264	0.3168000000005122	UpDownStatesTimeIntervals			UP	
13682.6544	0.17519999999967695	UpDownStatesTimeIntervals			DOWN	
13684.4424	0.32960000000093714	UpDownStatesTimeIntervals			DOWN	
13685.264	0.298400000001493	UpDownStatesTimeIntervals			UP	
13686.5664	0.13279999999940628	UpDownStatesTimeIntervals			UP	
13687.1528	0.2183999999997468	UpDownStatesTimeIntervals			DOWN	
13687.8448	0.18559999999888532	UpDownStatesTimeIntervals			UP	
13689.1072	0.23840000000018335	UpDownStatesTimeIntervals			UP	
13694.228	0.20320000000174332	UpDownStatesTimeIntervals			UP	
13700.5888	0.1679999999996653	UpDownStatesTimeIntervals			UP	
13700.9408	0.2911999999996624	UpDownStatesTimeIntervals			DOWN	
13701.232	0.18800000000010186	UpDownStatesTimeIntervals			UP	
13703.116	0.20240000000012515	UpDownStatesTimeIntervals			UP	
13703.5664	0.24799999999959255	UpDownStatesTimeIntervals			DOWN	
13704.0768	0.06079999999928987	UpDownStatesTimeIntervals			DOWN	
13705.064	0.1415999999990163	UpDownStatesTimeIntervals			UP	
13709.1744	0.04320000000006985	UpDownStatesTimeIntervals			DOWN	
13710.0864	0.15760000000045693	UpDownStatesTimeIntervals			UP	
13713.3	0.2448000000003958	UpDownStatesTimeIntervals			UP	
13716.0888	0.23999999999978172	UpDownStatesTimeIntervals			UP	
13716.6856	0.21599999999853026	UpDownStatesTimeIntervals			UP	
13726.08	0.2504000000008091	UpDownStatesTimeIntervals			UP	
13727.3648	0.16960000000108266	UpDownStatesTimeIntervals			UP	
13729.2392	0.19679999999971187	UpDownStatesTimeIntervals			DOWN	
13729.436	0.18319999999948777	UpDownStatesTimeIntervals			UP	
13730.596	0.1992000000009284	UpDownStatesTimeIntervals			UP	
13731.9504	0.2224000000005617	UpDownStatesTimeIntervals			UP	
13733.9256	0.15679999999883876	UpDownStatesTimeIntervals			UP	
13734.3208	0.05280000000129803	UpDownStatesTimeIntervals			DOWN	
13736.132	0.21520000000055006	UpDownStatesTimeIntervals			UP	
13738.3784	0.15359999999964202	UpDownStatesTimeIntervals			UP	
13739.1048	0.24639999999999418	UpDownStatesTimeIntervals			DOWN	
13739.9728	0.16160000000127184	UpDownStatesTimeIntervals			UP	
13740.2904	0.08799999999973807	UpDownStatesTimeIntervals			DOWN	
13741.32	0.15359999999964202	UpDownStatesTimeIntervals			DOWN	
13741.7848	0.2264000000013766	UpDownStatesTimeIntervals			UP	
13743.3272	0.15600000000085856	UpDownStatesTimeIntervals			UP	
13744.2024	0.23040000000037253	UpDownStatesTimeIntervals			UP	
13750.1328	0.16080000000147265	UpDownStatesTimeIntervals			UP	
13750.3792	0.13040000000000873	UpDownStatesTimeIntervals			DOWN	
13754.0	9.0	SleepStates				WAKEstate
13764.0	324.0	SleepStates				NREMstate
13767.9576	0.36080000000038126	UpDownStatesTimeIntervals			UP	
13768.5576	0.27599999999983993	UpDownStatesTimeIntervals			DOWN	
13768.8336	0.26480000000083237	UpDownStatesTimeIntervals			UP	
13771.8432	0.25600000000122236	UpDownStatesTimeIntervals			UP	
13778.5872	0.3232000000007247	UpDownStatesTimeIntervals			DOWN	
13778.9104	0.4855999999999767	UpDownStatesTimeIntervals			UP	
13780.8808	0.15999999999985448	UpDownStatesTimeIntervals			UP	
13782.2872	0.14959999999882712	UpDownStatesTimeIntervals			UP	
13783.748	0.3008000000008906	UpDownStatesTimeIntervals			UP	
13784.8424	0.16240000000107102	UpDownStatesTimeIntervals			UP	
13785.7368	0.2583999999988009	UpDownStatesTimeIntervals			UP	
13786.4768	0.08560000000034051	UpDownStatesTimeIntervals			DOWN	
13786.5624	0.1455999999998312	UpDownStatesTimeIntervals			UP	
13795.9376	0.2448000000003958	UpDownStatesTimeIntervals			DOWN	
13796.1824	0.1679999999996653	UpDownStatesTimeIntervals			UP	
13797.3152	0.21840000000156579	UpDownStatesTimeIntervals			UP	
13798.3448	0.18399999999928696	UpDownStatesTimeIntervals			DOWN	
13801.96	0.2128000000011525	UpDownStatesTimeIntervals			DOWN	
13802.428	0.16959999999926367	UpDownStatesTimeIntervals			UP	
13805.3352	0.2319999999999709	UpDownStatesTimeIntervals			UP	
13805.8368	0.3096000000005006	UpDownStatesTimeIntervals			DOWN	
13807.0304	0.28399999999965075	UpDownStatesTimeIntervals			UP	
13807.8984	0.18399999999928696	UpDownStatesTimeIntervals			DOWN	
13810.784	0.20080000000052678	UpDownStatesTimeIntervals			UP	
13812.6504	0.19279999999889696	UpDownStatesTimeIntervals			UP	
13816.4848	0.13359999999920547	UpDownStatesTimeIntervals			UP	
13816.852	0.08959999999933643	UpDownStatesTimeIntervals			DOWN	
13816.9416	0.2415999999993801	UpDownStatesTimeIntervals			UP	
13817.6584	0.04719999999906577	UpDownStatesTimeIntervals			DOWN	
13819.8112	0.10560000000077707	UpDownStatesTimeIntervals			DOWN	
13820.3528	0.14799999999922875	UpDownStatesTimeIntervals			UP	
13824.04	0.17039999999906286	UpDownStatesTimeIntervals			UP	
13824.6568	0.1551999999992404	UpDownStatesTimeIntervals			UP	
13825.1832	0.16880000000128348	UpDownStatesTimeIntervals			UP	
13835.3464	0.1407999999992171	UpDownStatesTimeIntervals			UP	
13840.2064	0.14720000000124855	UpDownStatesTimeIntervals			UP	
13841.3384	0.26159999999981665	UpDownStatesTimeIntervals			DOWN	
13841.6	0.14719999999942956	UpDownStatesTimeIntervals			UP	
13843.3704	0.1912000000011176	UpDownStatesTimeIntervals			DOWN	
13843.5616	0.28959999999824504	UpDownStatesTimeIntervals			UP	
13846.2416	0.15120000000024447	UpDownStatesTimeIntervals			UP	
13846.4416	0.21600000000034925	UpDownStatesTimeIntervals			DOWN	
13847.7776	0.16160000000127184	UpDownStatesTimeIntervals			UP	
13849.656	0.2511999999987893	UpDownStatesTimeIntervals			UP	
13850.66	0.16159999999945285	UpDownStatesTimeIntervals			DOWN	
13850.8216	0.2736000000004424	UpDownStatesTimeIntervals			UP	
13851.5488	0.16239999999925203	UpDownStatesTimeIntervals			UP	
13852.2248	0.10399999999935972	UpDownStatesTimeIntervals			DOWN	
13852.4392	0.2599999999983993	UpDownStatesTimeIntervals			UP	
13856.9352	0.21119999999973516	UpDownStatesTimeIntervals			UP	
13860.7688	0.1455999999998312	UpDownStatesTimeIntervals			UP	
13861.6864	0.0727999999999156	UpDownStatesTimeIntervals			DOWN	
13862.692	0.10480000000097789	UpDownStatesTimeIntervals			DOWN	
13863.5864	0.1551999999992404	UpDownStatesTimeIntervals			UP	
13864.0248	0.18320000000130676	UpDownStatesTimeIntervals			UP	
13864.7576	0.22879999999895517	UpDownStatesTimeIntervals			UP	
13880.7616	0.28479999999944994	UpDownStatesTimeIntervals			UP	
13885.2616	0.14400000000023283	UpDownStatesTimeIntervals			UP	
13893.1408	0.17120000000068103	UpDownStatesTimeIntervals			DOWN	
13893.312	0.21600000000034925	UpDownStatesTimeIntervals			UP	
13894.0472	0.1871999999984837	UpDownStatesTimeIntervals			DOWN	
13894.2344	0.2992000000012922	UpDownStatesTimeIntervals			UP	
13895.4232	0.1504000000004453	UpDownStatesTimeIntervals			UP	
13902.08	0.12960000000020955	UpDownStatesTimeIntervals			UP	
13902.4624	0.08159999999952561	UpDownStatesTimeIntervals			DOWN	
13902.544	0.14639999999963038	UpDownStatesTimeIntervals			UP	
13904.14	0.21680000000014843	UpDownStatesTimeIntervals			UP	
13905.4736	0.30240000000048894	UpDownStatesTimeIntervals			UP	
13908.5248	0.4624000000003434	UpDownStatesTimeIntervals			DOWN	
13908.9872	0.29360000000087894	UpDownStatesTimeIntervals			UP	
13915.4784	0.37119999999958964	UpDownStatesTimeIntervals			UP	
13920.7896	0.24639999999999418	UpDownStatesTimeIntervals			UP	
13924.5312	0.2816000000002532	UpDownStatesTimeIntervals			UP	
13928.5328	0.24399999999877764	UpDownStatesTimeIntervals			UP	
13933.9304	0.3680000000003929	UpDownStatesTimeIntervals			DOWN	
13934.4968	0.1367999999984022	UpDownStatesTimeIntervals			UP	
13936.3712	0.20640000000094005	UpDownStatesTimeIntervals			DOWN	
13936.5776	0.1679999999996653	UpDownStatesTimeIntervals			UP	
13944.096	0.16079999999965366	UpDownStatesTimeIntervals			UP	
13944.768	0.20319999999992433	UpDownStatesTimeIntervals			DOWN	
13945.1776	0.20239999999830616	UpDownStatesTimeIntervals			UP	
13946.2584	0.16640000000006694	UpDownStatesTimeIntervals			UP	
13946.6328	0.2552000000014232	UpDownStatesTimeIntervals			DOWN	
13951.5184	0.15200000000004366	UpDownStatesTimeIntervals			UP	
13952.188	0.13919999999961874	UpDownStatesTimeIntervals			UP	
13953.3072	0.13920000000143773	UpDownStatesTimeIntervals			UP	
13953.5096	0.33359999999993306	UpDownStatesTimeIntervals			DOWN	
13954.04	0.21999999999934516	UpDownStatesTimeIntervals			UP	
13955.1016	0.1584000000002561	UpDownStatesTimeIntervals			UP	
13955.8736	0.12479999999959546	UpDownStatesTimeIntervals			DOWN	
13955.9984	0.21119999999973516	UpDownStatesTimeIntervals			UP	
13956.66	0.21119999999973516	UpDownStatesTimeIntervals			UP	
13963.2608	0.11759999999958382	UpDownStatesTimeIntervals			DOWN	
13963.5512	0.20319999999992433	UpDownStatesTimeIntervals			UP	
13967.7456	0.33039999999891734	UpDownStatesTimeIntervals			DOWN	
13968.076	0.20240000000012515	UpDownStatesTimeIntervals			UP	
13969.1344	0.14319999999861466	UpDownStatesTimeIntervals			DOWN	
13974.0272	0.25280000000020664	UpDownStatesTimeIntervals			UP	
13978.9328	0.2175999999999476	UpDownStatesTimeIntervals			UP	
13979.2048	0.25280000000020664	UpDownStatesTimeIntervals			DOWN	
13979.7768	0.20080000000052678	UpDownStatesTimeIntervals			UP	
13984.0976	0.17920000000049185	UpDownStatesTimeIntervals			UP	
13984.644	0.136000000000422	UpDownStatesTimeIntervals			UP	
13985.752	0.22239999999874271	UpDownStatesTimeIntervals			DOWN	
13986.2504	0.1279999999987922	UpDownStatesTimeIntervals			UP	
13988.9256	0.11679999999978463	UpDownStatesTimeIntervals			UP	
13989.4608	0.12559999999939464	UpDownStatesTimeIntervals			UP	
13991.1936	0.18800000000010186	UpDownStatesTimeIntervals			UP	
13991.9816	0.25120000000060827	UpDownStatesTimeIntervals			DOWN	
13992.2328	0.22880000000077416	UpDownStatesTimeIntervals			UP	
14006.624	0.28880000000026484	UpDownStatesTimeIntervals			UP	
14011.0504	0.2504000000008091	UpDownStatesTimeIntervals			UP	
14011.7408	0.12319999999999709	UpDownStatesTimeIntervals			UP	
14012.0896	0.31199999999989814	UpDownStatesTimeIntervals			DOWN	
14019.0648	0.21919999999954598	UpDownStatesTimeIntervals			UP	
14019.8256	0.17519999999967695	UpDownStatesTimeIntervals			DOWN	
14020.0008	0.27599999999983993	UpDownStatesTimeIntervals			UP	
14023.3912	0.1543999999994412	UpDownStatesTimeIntervals			UP	
14026.4416	0.20800000000053842	UpDownStatesTimeIntervals			UP	
14027.2056	0.22479999999995925	UpDownStatesTimeIntervals			UP	
14030.0312	0.153600000001461	UpDownStatesTimeIntervals			UP	
14030.3864	0.18000000000029104	UpDownStatesTimeIntervals			DOWN	
14035.164	0.1823999999996886	UpDownStatesTimeIntervals			UP	
14035.7584	0.17439999999987776	UpDownStatesTimeIntervals			UP	
14037.9192	0.17519999999967695	UpDownStatesTimeIntervals			UP	
14041.3208	0.24639999999999418	UpDownStatesTimeIntervals			UP	
14042.948	0.34319999999934225	UpDownStatesTimeIntervals			UP	
14043.4208	0.1959999999999127	UpDownStatesTimeIntervals			DOWN	
14057.7304	0.1720000000004802	UpDownStatesTimeIntervals			UP	
14060.5632	0.363999999999578	UpDownStatesTimeIntervals			UP	
14063.952	0.29280000000107975	UpDownStatesTimeIntervals			UP	
14077.8368	0.153600000001461	UpDownStatesTimeIntervals			UP	
14078.9912	0.24319999999897846	UpDownStatesTimeIntervals			UP	
14079.6592	0.17599999999947613	UpDownStatesTimeIntervals			UP	
14079.9976	0.24719999999979336	UpDownStatesTimeIntervals			DOWN	
14080.6072	0.2536000000000058	UpDownStatesTimeIntervals			DOWN	
14082.9	0.25200000000040745	UpDownStatesTimeIntervals			UP	
14085.0872	0.15200000000004366	UpDownStatesTimeIntervals			UP	
14089.0	11.0	SleepStates				WAKEstate
14101.0	141.0	SleepStates				NREMstate
14105.4856	0.1856000000007043	UpDownStatesTimeIntervals			UP	
14116.9704	0.14879999999902793	UpDownStatesTimeIntervals			UP	
14118.896	0.1503999999986263	UpDownStatesTimeIntervals			UP	
14130.9704	0.25280000000020664	UpDownStatesTimeIntervals			UP	
14136.1424	0.25199999999858846	UpDownStatesTimeIntervals			UP	
14136.9248	0.17439999999987776	UpDownStatesTimeIntervals			UP	
14140.7008	0.15679999999883876	UpDownStatesTimeIntervals			UP	
14143.28	0.2583999999988009	UpDownStatesTimeIntervals			UP	
14146.2808	0.14320000000043365	UpDownStatesTimeIntervals			UP	
14146.7976	0.14880000000084692	UpDownStatesTimeIntervals			UP	
14147.0584	0.15999999999985448	UpDownStatesTimeIntervals			DOWN	
14148.0288	0.25679999999920256	UpDownStatesTimeIntervals			DOWN	
14148.2856	0.17439999999987776	UpDownStatesTimeIntervals			UP	
14148.9208	0.27520000000004075	UpDownStatesTimeIntervals			UP	
14151.7008	0.14959999999882712	UpDownStatesTimeIntervals			UP	
14155.6952	0.21600000000034925	UpDownStatesTimeIntervals			UP	
14157.0864	0.25679999999920256	UpDownStatesTimeIntervals			UP	
14158.1152	0.4776000000001659	UpDownStatesTimeIntervals			UP	
14167.8752	0.24639999999999418	UpDownStatesTimeIntervals			UP	
14169.832	0.1504000000004453	UpDownStatesTimeIntervals			UP	
14172.5776	0.1551999999992404	UpDownStatesTimeIntervals			UP	
14172.9184	0.008799999999610009	UpDownStatesTimeIntervals			DOWN	
14173.7208	0.3008000000008906	UpDownStatesTimeIntervals			UP	
14174.0864	0.31999999999970896	UpDownStatesTimeIntervals			DOWN	
14188.36	0.22479999999995925	UpDownStatesTimeIntervals			UP	
14189.6472	0.22160000000076252	UpDownStatesTimeIntervals			UP	
14191.0664	0.26560000000063155	UpDownStatesTimeIntervals			UP	
14197.408	0.2039999999997235	UpDownStatesTimeIntervals			UP	
14197.8048	0.3919999999998254	UpDownStatesTimeIntervals			DOWN	
14198.6264	0.3008000000008906	UpDownStatesTimeIntervals			UP	
14200.0728	0.24879999999939173	UpDownStatesTimeIntervals			UP	
14201.088	0.399199999999837	UpDownStatesTimeIntervals			DOWN	
14206.2552	0.23760000000038417	UpDownStatesTimeIntervals			UP	
14216.9688	0.263199999999415	UpDownStatesTimeIntervals			DOWN	
14217.232	0.3279999999995198	UpDownStatesTimeIntervals			UP	
14219.9	0.3080000000009022	UpDownStatesTimeIntervals			UP	
14220.6216	0.13760000000002037	UpDownStatesTimeIntervals			DOWN	
14220.7592	0.2727999999988242	UpDownStatesTimeIntervals			UP	
14223.7312	0.15999999999985448	UpDownStatesTimeIntervals			UP	
14224.0824	0.34799999999995634	UpDownStatesTimeIntervals			DOWN	
14225.0568	0.24400000000059663	UpDownStatesTimeIntervals			UP	
14225.4248	0.36160000000018044	UpDownStatesTimeIntervals			DOWN	
14228.532	0.15680000000065775	UpDownStatesTimeIntervals			UP	
14229.596	0.19440000000031432	UpDownStatesTimeIntervals			UP	
14229.9608	0.07359999999971478	UpDownStatesTimeIntervals			DOWN	
14230.8456	0.1047999999991589	UpDownStatesTimeIntervals			DOWN	
14231.5488	0.3591999999989639	UpDownStatesTimeIntervals			UP	
14232.3504	0.21039999999993597	UpDownStatesTimeIntervals			UP	
14235.5432	0.17360000000007858	UpDownStatesTimeIntervals			UP	
14243.0	22.0	SleepStates				WAKEstate
14266.0	202.0	SleepStates				NREMstate
14266.048	0.26239999999961583	UpDownStatesTimeIntervals			UP	
14270.2648	0.2815999999984342	UpDownStatesTimeIntervals			UP	
14270.7416	0.29680000000007567	UpDownStatesTimeIntervals			DOWN	
14273.14	0.30160000000068976	UpDownStatesTimeIntervals			UP	
14273.8224	0.23360000000138825	UpDownStatesTimeIntervals			UP	
14274.9136	0.16719999999986612	UpDownStatesTimeIntervals			UP	
14275.3016	0.16159999999945285	UpDownStatesTimeIntervals			DOWN	
14275.4632	0.12559999999939464	UpDownStatesTimeIntervals			UP	
14276.1272	0.35279999999875145	UpDownStatesTimeIntervals			DOWN	
14280.7072	0.2783999999992375	UpDownStatesTimeIntervals			UP	
14284.1952	0.05279999999947904	UpDownStatesTimeIntervals			DOWN	
14284.248	0.136000000000422	UpDownStatesTimeIntervals			UP	
14286.4832	0.11039999999957217	UpDownStatesTimeIntervals			DOWN	
14286.5936	0.32159999999930733	UpDownStatesTimeIntervals			UP	
14290.3344	0.2319999999999709	UpDownStatesTimeIntervals			UP	
14291.0304	0.2640000000010332	UpDownStatesTimeIntervals			DOWN	
14291.4232	0.15600000000085856	UpDownStatesTimeIntervals			UP	
14292.7984	0.2039999999997235	UpDownStatesTimeIntervals			UP	
14297.668	0.1768000000010943	UpDownStatesTimeIntervals			UP	
14298.704	0.22960000000057335	UpDownStatesTimeIntervals			DOWN	
14303.9816	0.2136000000009517	UpDownStatesTimeIntervals			UP	
14308.9824	0.1367999999984022	UpDownStatesTimeIntervals			DOWN	
14309.1192	0.2408000000013999	UpDownStatesTimeIntervals			UP	
14312.4576	0.1679999999996653	UpDownStatesTimeIntervals			UP	
14313.1968	0.09920000000056461	UpDownStatesTimeIntervals			DOWN	
14317.416	0.16880000000128348	UpDownStatesTimeIntervals			UP	
14324.2056	0.19680000000153086	UpDownStatesTimeIntervals			UP	
14324.4712	0.15279999999984284	UpDownStatesTimeIntervals			DOWN	
14324.9744	0.028800000000046566	UpDownStatesTimeIntervals			DOWN	
14336.9992	0.21919999999954598	UpDownStatesTimeIntervals			DOWN	
14337.2184	0.1864000000005035	UpDownStatesTimeIntervals			UP	
14337.9976	0.21919999999954598	UpDownStatesTimeIntervals			UP	
14338.6144	0.25280000000020664	UpDownStatesTimeIntervals			UP	
14339.0816	0.30320000000028813	UpDownStatesTimeIntervals			DOWN	
14345.6088	0.22079999999914435	UpDownStatesTimeIntervals			DOWN	
14346.4296	0.14639999999963038	UpDownStatesTimeIntervals			UP	
14353.8096	0.3184000000001106	UpDownStatesTimeIntervals			UP	
14369.1696	0.1720000000004802	UpDownStatesTimeIntervals			UP	
14369.8096	0.2183999999997468	UpDownStatesTimeIntervals			UP	
14377.152	0.25200000000040745	UpDownStatesTimeIntervals			UP	
14380.176	0.263200000001234	UpDownStatesTimeIntervals			UP	
14380.5192	0.47439999999915017	UpDownStatesTimeIntervals			DOWN	
14386.5256	0.2143999999989319	UpDownStatesTimeIntervals			DOWN	
14386.808	0.2767999999996391	UpDownStatesTimeIntervals			UP	
14388.052	0.20800000000053842	UpDownStatesTimeIntervals			UP	
14392.4864	0.22160000000076252	UpDownStatesTimeIntervals			UP	
14393.0592	0.13440000000082364	UpDownStatesTimeIntervals			UP	
14393.756	0.1776000000008935	UpDownStatesTimeIntervals			UP	
14395.4784	0.272000000000844	UpDownStatesTimeIntervals			UP	
14403.0384	0.3872000000010303	UpDownStatesTimeIntervals			UP	
14406.6912	0.4176000000006752	UpDownStatesTimeIntervals			UP	
14407.6048	0.3440000000009604	UpDownStatesTimeIntervals			UP	
14408.4488	0.28960000000006403	UpDownStatesTimeIntervals			UP	
14408.8928	0.3080000000009022	UpDownStatesTimeIntervals			DOWN	
14409.9192	0.14799999999922875	UpDownStatesTimeIntervals			UP	
14410.4672	0.1632000000008702	UpDownStatesTimeIntervals			UP	
14410.8304	0.3271999999997206	UpDownStatesTimeIntervals			DOWN	
14411.1576	0.2503999999989901	UpDownStatesTimeIntervals			UP	
14413.4944	0.1224000000001979	UpDownStatesTimeIntervals			UP	
14419.5544	0.2775999999994383	UpDownStatesTimeIntervals			UP	
14421.4496	0.22880000000077416	UpDownStatesTimeIntervals			DOWN	
14421.6784	0.18559999999888532	UpDownStatesTimeIntervals			UP	
14422.1024	0.6568000000006577	UpDownStatesTimeIntervals			DOWN	
14424.2336	0.4143999999996595	UpDownStatesTimeIntervals			UP	
14424.668	0.12960000000020955	UpDownStatesTimeIntervals			DOWN	
14425.1744	0.33760000000074797	UpDownStatesTimeIntervals			DOWN	
14425.512	0.2672000000002299	UpDownStatesTimeIntervals			UP	
14426.908	0.3191999999999098	UpDownStatesTimeIntervals			UP	
14428.1752	0.19360000000051514	UpDownStatesTimeIntervals			UP	
14429.6928	0.1999999999989086	UpDownStatesTimeIntervals			UP	
14432.216	0.14879999999902793	UpDownStatesTimeIntervals			UP	
14432.64	0.15200000000004366	UpDownStatesTimeIntervals			DOWN	
14436.0024	0.2504000000008091	UpDownStatesTimeIntervals			UP	
14439.2984	0.1496000000006461	UpDownStatesTimeIntervals			UP	
14440.4176	0.15359999999964202	UpDownStatesTimeIntervals			UP	
14441.1752	0.35599999999976717	UpDownStatesTimeIntervals			DOWN	
14441.7368	0.17599999999947613	UpDownStatesTimeIntervals			UP	
14447.172	0.32159999999930733	UpDownStatesTimeIntervals			UP	
14450.7568	0.18879999999990105	UpDownStatesTimeIntervals			UP	
14452.1848	0.23119999999835272	UpDownStatesTimeIntervals			DOWN	
14452.416	0.2624000000014348	UpDownStatesTimeIntervals			UP	
14458.5888	0.16719999999986612	UpDownStatesTimeIntervals			UP	
14460.556	0.15200000000004366	UpDownStatesTimeIntervals			UP	
14461.092	0.20319999999992433	UpDownStatesTimeIntervals			UP	
14463.248	0.15600000000085856	UpDownStatesTimeIntervals			UP	
14465.6856	0.26239999999961583	UpDownStatesTimeIntervals			DOWN	
14466.0696	0.13839999999981956	UpDownStatesTimeIntervals			UP	
14469.0	68.0	SleepStates				REMstate
14538.0	31.0	SleepStates				WAKEstate
14570.0	48.0	SleepStates				NREMstate
14572.9064	0.23359999999956926	UpDownStatesTimeIntervals			DOWN	
14573.14	0.2848000000012689	UpDownStatesTimeIntervals			UP	
14576.636	0.11359999999876891	UpDownStatesTimeIntervals			UP	
14576.888	0.11439999999856809	UpDownStatesTimeIntervals			DOWN	
14579.6856	0.1319999999996071	UpDownStatesTimeIntervals			UP	
14580.5744	0.13520000000062282	UpDownStatesTimeIntervals			DOWN	
14580.8632	0.15200000000004366	UpDownStatesTimeIntervals			UP	
14581.944	0.19679999999971187	UpDownStatesTimeIntervals			UP	
14583.1968	0.14480000000003201	UpDownStatesTimeIntervals			UP	
14593.2344	0.1584000000002561	UpDownStatesTimeIntervals			UP	
14593.8432	0.09600000000136788	UpDownStatesTimeIntervals			DOWN	
14596.5328	0.17119999999886204	UpDownStatesTimeIntervals			UP	
14603.1184	0.23440000000118744	UpDownStatesTimeIntervals			UP	
14603.9432	0.14320000000043365	UpDownStatesTimeIntervals			UP	
14604.6448	0.15279999999984284	UpDownStatesTimeIntervals			DOWN	
14605.2872	0.13040000000000873	UpDownStatesTimeIntervals			UP	
14606.2792	0.21199999999953434	UpDownStatesTimeIntervals			DOWN	
14607.0424	0.16319999999905122	UpDownStatesTimeIntervals			UP	
14607.6232	0.1504000000004453	UpDownStatesTimeIntervals			UP	
14617.8416	0.1640000000006694	UpDownStatesTimeIntervals			DOWN	
14618.0056	0.2687999999998283	UpDownStatesTimeIntervals			UP	
14618.5984	0.1367999999984022	UpDownStatesTimeIntervals			UP	
14619.0	22.0	SleepStates				WAKEstate
14642.0	85.0	SleepStates				NREMstate
14663.7168	0.4040000000004511	UpDownStatesTimeIntervals			UP	
14665.4056	0.2903999999998632	UpDownStatesTimeIntervals			UP	
14666.156	0.16479999999864958	UpDownStatesTimeIntervals			UP	
14666.5376	0.1815999999998894	UpDownStatesTimeIntervals			DOWN	
14666.7192	0.2319999999999709	UpDownStatesTimeIntervals			UP	
14669.7352	0.18960000000151922	UpDownStatesTimeIntervals			UP	
14680.6776	0.118399999999383	UpDownStatesTimeIntervals			UP	
14682.0344	0.15359999999964202	UpDownStatesTimeIntervals			UP	
14685.9664	0.09600000000136788	UpDownStatesTimeIntervals			DOWN	
14686.7208	0.15680000000065775	UpDownStatesTimeIntervals			UP	
14687.276	0.15279999999984284	UpDownStatesTimeIntervals			UP	
14688.0448	0.254399999999805	UpDownStatesTimeIntervals			UP	
14696.2224	0.15120000000024447	UpDownStatesTimeIntervals			UP	
14697.616	0.1632000000008702	UpDownStatesTimeIntervals			UP	
14701.9904	0.2271999999993568	UpDownStatesTimeIntervals			UP	
14702.9424	0.25760000000082073	UpDownStatesTimeIntervals			DOWN	
14703.5368	0.1455999999998312	UpDownStatesTimeIntervals			UP	
14712.0672	0.3592000000007829	UpDownStatesTimeIntervals			DOWN	
14712.908	0.1320000000014261	UpDownStatesTimeIntervals			UP	
14717.0384	0.14240000000063446	UpDownStatesTimeIntervals			UP	
14717.612	0.11920000000100117	UpDownStatesTimeIntervals			UP	
14718.7904	0.12479999999959546	UpDownStatesTimeIntervals			UP	
14721.3592	0.23359999999956926	UpDownStatesTimeIntervals			UP	
14724.6872	0.1455999999998312	UpDownStatesTimeIntervals			UP	
14728.0	10.0	SleepStates				WAKEstate
14739.0	53.0	SleepStates				NREMstate
14741.8024	0.2415999999993801	UpDownStatesTimeIntervals			UP	
14744.8816	0.1224000000001979	UpDownStatesTimeIntervals			DOWN	
14745.2792	0.1679999999996653	UpDownStatesTimeIntervals			UP	
14746.0752	0.23999999999978172	UpDownStatesTimeIntervals			DOWN	
14750.4272	0.15120000000024447	UpDownStatesTimeIntervals			UP	
14752.1944	0.25599999999940337	UpDownStatesTimeIntervals			UP	
14752.6384	0.8415999999997439	UpDownStatesTimeIntervals			DOWN	
14756.2032	0.1640000000006694	UpDownStatesTimeIntervals			UP	
14756.6112	0.08799999999973807	UpDownStatesTimeIntervals			DOWN	
14759.4056	0.1864000000005035	UpDownStatesTimeIntervals			UP	
14759.6984	0.24719999999979336	UpDownStatesTimeIntervals			DOWN	
14768.384	0.1319999999996071	UpDownStatesTimeIntervals			UP	
14769.2568	0.26640000000043074	UpDownStatesTimeIntervals			DOWN	
14780.2688	0.21039999999993597	UpDownStatesTimeIntervals			DOWN	
14780.572	0.31600000000071304	UpDownStatesTimeIntervals			UP	
14789.6608	0.16480000000046857	UpDownStatesTimeIntervals			UP	
14791.1832	0.372800000001007	UpDownStatesTimeIntervals			DOWN	
14791.556	0.2639999999992142	UpDownStatesTimeIntervals			UP	
